situation_id,trajectory_id,distance,wind,precipitation,fuel,time,score
1,0,1391.44,3.454,0.25466666666666665,1391.44,100.87,2901.5293333333334
1,1,1445.99,2.825384615384615,0.3438461538461538,1445.99,105.47,3012.2646153846154
1,2,1462.49,3.575384615384616,0.16153846153846155,1462.49,105.9,3049.08
2,0,691.2,1.95,0.06066666666666667,691.2,50.85,1443.1213333333335
2,1,875.85,1.5976923076923077,0.5776923076923077,875.85,64.66,1825.503846153846
2,2,899.3,2.6876923076923074,1.5007692307692309,899.3,65.68,1880.7199999999998
3,0,419.46,1.74,0.5893333333333334,419.46,30.92,879.7186666666666
3,1,706.18,1.4315384615384614,0.21307692307692308,706.18,52.22,1472.163846153846
3,2,721.43,2.1538461538461537,0.22,721.43,52.97,1507.0392307692307
4,0,602.29,2.1526666666666667,0.21266666666666667,602.29,44.22,1259.9886666666666
4,1,733.92,2.210769230769231,0.27769230769230774,733.92,53.85,1533.2992307692307
4,2,741.45,2.539230769230769,0.20153846153846156,741.45,54.23,1550.229230769231
5,0,742.99,1.7226666666666666,0.4626666666666666,742.99,54.78,1550.2986666666666
5,1,938.33,2.2007692307692306,0.16153846153846155,938.33,68.86,1956.846923076923
5,2,957.5,2.4099999999999997,1.126153846153846,957.5,70.12,1999.4223076923076
6,0,409.32,2.7199999999999998,0.0,409.32,29.89,862.13
6,1,621.71,2.5892307692307694,0.0,621.71,45.45,1301.816153846154
6,2,633.8,4.047692307692308,0.0,633.8,45.69,1333.5284615384617
7,0,613.48,2.2953333333333332,0.41200000000000003,613.48,44.98,1284.2406666666666
7,1,799.91,1.8507692307692307,1.053076923076923,799.91,58.9,1670.08
7,2,817.83,2.766153846153846,1.2053846153846153,817.83,59.69,1711.5915384615384
8,0,495.72,1.6466666666666667,0.12200000000000001,495.72,36.58,1036.4973333333335
8,1,726.39,1.7846153846153845,0.14076923076923079,726.39,53.52,1515.5046153846154
8,2,736.13,1.9800000000000002,0.14076923076923079,736.13,54.14,1536.5815384615385
9,0,537.77,3.2373333333333334,0.0,537.77,39.07,1130.7966666666666
9,1,614.35,3.193076923076923,0.0,614.35,44.65,1289.3153846153846
9,2,618.04,3.4899999999999998,0.01,618.04,44.79,1298.34
10,0,214.5,2.9680000000000004,0.0,214.5,15.62,459.46000000000004
10,1,589.72,2.7961538461538464,0.0,589.72,43.03,1236.4507692307693
10,2,595.55,2.9415384615384617,0.0,595.55,43.39,1249.1976923076923
11,0,1473.23,3.4386666666666668,0.0,1473.23,106.82,3070.4733333333334
11,1,1553.14,3.0900000000000003,0.19307692307692306,1553.14,112.99,3235.106153846154
11,2,1582.09,3.613076923076923,0.14615384615384613,1582.09,114.52,3297.0576923076924
12,0,730.66,1.8066666666666669,0.024,730.66,53.83,1524.2313333333332
12,1,913.35,1.8246153846153845,0.3315384615384615,913.35,67.27,1903.756153846154
12,2,935.39,2.5730769230769233,0.44384615384615383,935.39,68.39,1952.923076923077
13,0,160.74,1.752,0.0,160.74,11.85,342.09000000000003
13,1,590.52,2.287692307692308,0.0,590.52,43.3,1235.7784615384614
13,2,597.21,2.6346153846153846,0.0,597.21,43.64,1251.233076923077
14,0,431.81,2.1013333333333333,0.5900000000000001,431.81,31.72,907.0266666666666
14,1,704.51,1.3184615384615386,1.0676923076923077,704.51,52.15,1469.8976923076923
14,2,720.18,2.1323076923076925,0.12076923076923075,720.18,52.89,1504.1530769230767
15,0,218.46,2.2426666666666666,0.0,218.46,16.02,464.15333333333336
15,1,625.13,3.5776923076923075,0.0,625.13,45.27,1313.4184615384615
15,2,627.6,2.9753846153846153,0.0,627.6,45.71,1315.7869230769231
16,0,420.85,1.748,0.7899999999999999,420.85,31.02,883.04
16,1,707.62,1.4507692307692308,0.3130769230769231,707.62,52.31,1475.43
16,2,722.8,2.153076923076923,0.28846153846153844,722.8,53.07,1510.0123076923078
17,0,304.21,2.134666666666667,0.0,304.21,22.34,641.4333333333333
17,1,650.64,1.2084615384615385,0.0,650.64,48.22,1355.5423076923075
17,2,663.73,2.023076923076923,0.0,663.73,48.79,1386.3653846153848
19,0,1200.01,2.029333333333333,0.24266666666666667,1200.01,88.21,2498.862
19,1,1323.39,2.07,0.0,1323.39,97.24,2754.37
19,2,1351.96,2.1392307692307693,0.024615384615384615,1351.96,99.27,2813.9353846153845
20,0,5628.52,4.319333333333334,0.11333333333333333,5628.52,404.66,11683.523333333334
20,1,5554.39,3.196923076923077,0.0,5554.39,403.67,11528.434615384616
20,2,5722.61,5.108461538461539,0.3076923076923077,5722.61,408.34,11879.717692307691
22,0,8904.78,5.056,0.048666666666666664,8904.78,635.72,18470.657333333336
22,1,8948.61,5.683076923076923,0.0,8948.61,635.06,18560.695384615385
22,2,8908.58,5.229230769230769,0.03153846153846154,8908.58,634.94,18478.30923076923
23,0,1391.46,3.454,0.25466666666666665,1391.46,100.88,2901.5793333333336
23,1,1446.9,2.825384615384615,0.3438461538461538,1446.9,105.54,3014.1546153846157
23,2,1463.33,3.575384615384616,0.16153846153846155,1463.33,105.96,3050.8199999999997
24,0,793.85,4.535333333333333,0.0,793.85,56.96,1667.3366666666666
24,1,859.11,4.359230769230769,0.0,859.11,61.74,1801.756153846154
24,2,862.02,4.654615384615385,0.0,862.02,61.78,1809.0930769230768
25,0,1050.72,3.6613333333333333,0.148,1050.72,76.02,2196.0626666666667
25,1,1099.59,2.666153846153846,0.23,1099.59,80.33,2293.300769230769
25,2,1115.34,4.12,0.14769230769230768,1115.34,80.34,2331.915384615384
26,0,803.74,3.614,0.15533333333333335,803.74,58.18,1684.0406666666668
26,1,962.32,4.190769230769231,1.920769230769231,962.32,69.27,2018.705384615385
26,2,971.94,4.185384615384615,0.14769230769230768,971.94,69.97,2035.0723076923077
27,0,912.65,4.656000000000001,0.0,912.65,65.4,1913.98
27,1,929.86,4.340769230769231,0.0,929.86,66.84,1948.2638461538463
27,2,933.35,5.006153846153846,0.0,933.35,66.66,1958.3907692307694
28,0,1286.82,3.512,0.10600000000000001,1286.82,93.24,2684.652
28,1,1379.56,2.8146153846153847,0.8661538461538462,1379.56,100.63,2875.5553846153844
28,2,1409.2,3.668461538461538,0.13615384615384615,1409.2,101.95,2938.9646153846156
29,0,799.25,4.540666666666667,0.02333333333333333,799.25,57.34,1678.5900000000001
29,1,902.25,4.226153846153846,0.06923076923076923,902.25,64.92,1890.6892307692308
29,2,911.93,4.903846153846154,0.04,911.93,65.2,1913.6592307692308
30,0,1433.14,3.29,0.3266666666666667,1433.14,104.06,2987.4433333333336
30,1,1449.14,2.746153846153846,0.2730769230769231,1449.14,105.78,3018.336923076923
30,2,1456.59,3.6661538461538465,0.4369230769230769,1456.59,105.38,3037.7646153846154
31,0,1002.14,3.962,0.25266666666666665,1002.14,72.3,2096.8953333333334
31,1,1139.93,3.88,1.3261538461538462,1139.93,82.3,2384.212307692308
31,2,1144.7,2.9753846153846153,0.08846153846153845,1144.7,83.37,2387.8238461538463
32,0,1588.18,3.024,0.2046666666666667,1588.18,115.62,3307.5093333333334
32,1,1630.5,2.5684615384615386,0.02153846153846154,1630.5,119.23,3393.1153846153848
32,2,1641.78,3.0707692307692307,0.06461538461538462,1641.78,119.46,3418.503076923077
33,0,476.39,2.183333333333333,0.0,476.39,34.97,998.6666666666666
33,1,748.88,6.264615384615384,0.0,748.88,52.85,1581.933076923077
33,2,740.08,4.309230769230769,0.0,740.08,53.21,1554.916153846154
34,0,794.93,4.6386666666666665,0.0,794.93,56.98,1670.0333333333333
34,1,841.08,4.092307692307693,0.0,841.08,60.6,1763.2215384615386
34,2,844.9,4.630769230769231,0.0,844.9,60.56,1773.5138461538463
35,0,1438.48,3.388,0.029333333333333333,1438.48,104.35,2998.308666666667
35,1,1470.52,2.1546153846153846,0.08923076923076924,1470.52,107.96,3059.9515384615383
35,2,1489.97,3.4415384615384617,0.3153846153846154,1489.97,108.03,3105.8084615384614
36,0,1007.13,3.5873333333333335,0.11533333333333333,1007.13,72.92,2105.347333333333
36,1,1069.1,2.8969230769230765,0.0,1069.1,77.92,2230.6046153846155
36,2,1078.69,3.6846153846153844,0.06692307692307692,1078.69,78.03,2253.966923076923
37,0,1485.97,3.0386666666666664,0.10733333333333334,1485.97,108.16,3095.5080000000003
37,1,1547.21,2.3615384615384616,0.0,1547.21,113.36,3219.587692307692
37,2,1573.3,3.2323076923076925,0.16769230769230767,1573.3,114.3,3277.3969230769226
38,0,1054.47,3.7640000000000002,0.224,1054.47,76.22,2204.428
38,1,1102.91,2.813846153846154,0.3261538461538462,1102.91,80.45,2300.9915384615388
38,2,1117.43,4.163846153846154,0.23384615384615384,1117.43,80.46,2336.606923076923
39,0,1227.4,3.2933333333333334,0.4686666666666667,1227.4,89.12,2561.324
39,1,1269.23,2.724615384615385,0.7569230769230769,1269.23,92.67,2646.2669230769234
39,2,1277.89,3.5023076923076926,1.1,1277.89,92.6,2668.0915384615387
41,0,1185.47,4.088666666666667,0.0,1185.47,85.42,2476.8033333333333
41,1,1189.1,3.582307692307692,0.007692307692307693,1189.1,86.1,2482.2269230769225
41,2,1211.52,4.987692307692308,0.0,1211.52,86.55,2534.5284615384617
42,0,5189.11,3.406,0.0,5189.11,376.36,10771.609999999999
42,1,5200.21,3.6884615384615387,0.0,5200.21,376.14,10795.002307692308
42,2,5255.02,3.9292307692307693,0.0,5255.02,379.23,10908.916153846154
44,0,7972.3,4.1626666666666665,0.15733333333333333,7972.3,574.03,16539.758
44,1,7988.96,4.519230769230769,0.038461538461538464,7988.96,573.26,16573.85307692308
44,2,7939.12,3.838461538461538,0.01,7939.12,573.42,16470.87230769231
45,0,693.39,1.9633333333333334,0.08866666666666667,693.39,51.0,1447.774
45,1,876.68,1.4553846153846155,0.4630769230769231,876.68,64.81,1826.373076923077
45,2,899.25,2.443846153846154,0.6492307692307692,899.25,65.84,1877.8576923076923
46,0,792.67,4.41,0.0,792.67,56.94,1664.33
46,1,856.96,4.214615384615384,0.0,856.96,61.67,1796.663076923077
46,2,859.84,4.51,0.0,859.84,61.71,1803.94
47,0,281.8,1.2453333333333334,0.22466666666666668,281.8,20.87,591.1460000000001
47,1,633.21,2.1023076923076927,1.1623076923076923,633.21,46.51,1325.7661538461539
47,2,649.85,3.733846153846154,0.32384615384615384,649.85,46.98,1365.9969230769232
48,0,382.62,2.5233333333333334,0.906,382.62,27.99,807.6586666666667
48,1,677.11,2.0107692307692306,1.306923076923077,677.11,49.78,1416.6676923076923
48,2,685.11,2.3084615384615383,0.21153846153846154,685.11,50.22,1432.4053846153847
49,0,187.75,1.588666666666667,0.0,187.75,13.86,397.30333333333334
49,1,603.03,1.8592307692307695,0.0,603.03,44.4,1259.7561538461537
49,2,617.58,3.573846153846154,0.0,617.58,44.72,1297.749230769231
50,0,799.0,2.470666666666667,0.09133333333333334,799.0,58.48,1669.016
50,1,982.31,2.166153846153846,0.8353846153846155,982.31,72.11,2049.2315384615385
50,2,1011.93,3.3453846153846154,0.4969230769230769,1011.93,73.44,2115.020769230769
51,0,149.39,2.6533333333333333,0.4,149.39,10.91,323.75666666666666
51,1,607.8,1.9992307692307694,0.2915384615384615,607.8,44.69,1270.8692307692309
51,2,622.03,3.566153846153846,0.18076923076923077,622.03,45.05,1307.3023076923075
52,0,643.9,2.5353333333333334,1.2826666666666666,643.9,47.1,1350.1419999999998
52,1,716.08,2.6153846153846154,9.179230769230768,716.08,52.34,1515.9353846153847
52,2,716.53,2.4276923076923076,0.49,716.53,52.47,1498.6484615384616
53,0,601.82,2.6199999999999997,1.1026666666666667,601.82,43.98,1262.9253333333336
53,1,818.39,1.787692307692308,1.273846153846154,818.39,60.3,1708.5661538461536
53,2,838.14,2.867692307692308,1.3546153846153846,838.14,61.11,1754.4376923076923
54,0,856.83,1.6039999999999999,0.6326666666666667,856.83,63.25,1786.1953333333336
54,1,987.64,1.5323076923076924,0.23769230769230767,987.64,72.96,2056.376923076923
54,2,1011.53,2.630769230769231,0.13999999999999999,1011.53,73.92,2110.413846153846
55,0,782.89,4.679333333333333,0.0,782.89,56.09,1645.2666666666667
55,1,948.89,3.7869230769230766,0.0,948.89,68.57,1985.2846153846153
55,2,971.12,4.9484615384615385,0.0,971.12,69.4,2036.3823076923077
56,0,57.71,2.3913333333333333,0.0,57.71,4.23,131.60666666666665
56,1,595.27,1.8692307692307693,0.0,595.27,43.83,1243.7161538461537
56,2,612.56,4.026923076923077,0.0,612.56,44.16,1289.4146153846152
57,0,683.83,1.4073333333333333,0.4633333333333333,683.83,50.58,1426.2033333333334
57,1,844.56,1.5484615384615383,0.18153846153846154,844.56,62.38,1759.6053846153845
57,2,863.82,2.600769230769231,0.926923076923077,863.82,63.14,1805.6376923076923
58,0,261.17,2.164,0.09933333333333333,261.17,19.17,552.5286666666667
58,1,634.57,2.0115384615384615,0.5538461538461539,634.57,46.65,1326.9553846153847
58,2,651.72,3.7046153846153844,0.08538461538461538,651.72,47.13,1369.2638461538463
59,0,860.65,2.029333333333333,0.042,860.65,63.26,1794.7906666666665
59,1,1022.97,1.786153846153846,0.12923076923076923,1022.97,75.38,2130.5092307692307
59,2,1053.28,2.855384615384615,0.44230769230769224,1053.28,76.8,2198.5215384615385
60,0,283.34,1.5013333333333334,0.214,283.34,20.94,595.5546666666667
60,1,633.27,2.253076923076923,1.2353846153846153,633.27,46.45,1326.726153846154
60,2,650.29,3.9515384615384614,0.2846153846153846,650.29,46.92,1367.8269230769229
61,0,457.03,1.8673333333333335,0.5519999999999999,457.03,33.65,958.1506666666666
61,1,690.94,2.2846153846153845,1.2938461538461539,690.94,50.66,1446.5507692307692
61,2,701.28,2.673076923076923,0.6207692307692307,701.28,51.23,1468.396923076923
63,0,715.93,3.2033333333333336,0.0,715.93,52.03,1499.9066666666665
63,1,881.02,2.100769230769231,0.0,881.02,64.72,1837.263846153846
63,2,900.04,3.1061538461538465,0.0,900.04,65.47,1881.0807692307692
64,0,5160.93,4.381333333333333,0.0,5160.93,370.82,10714.586666666666
64,1,5122.05,3.6392307692307693,0.0,5122.05,370.66,10632.956153846153
64,2,5164.2,3.522307692307692,0.0,5164.2,374.14,10720.151538461538
66,0,8607.76,3.9859999999999998,0.0,8607.76,620.84,17856.29
66,1,8618.59,4.256923076923077,0.0,8618.59,620.0,17878.464615384615
66,2,8577.41,3.734615384615385,0.18769230769230769,8577.41,620.15,17794.01846153846
67,0,419.86,1.7693333333333332,1.856,419.86,30.94,883.2186666666666
67,1,706.39,1.47,0.5476923076923077,706.39,52.21,1473.4353846153847
67,2,721.93,2.232307692307692,0.7315384615384615,721.93,52.96,1509.4446153846152
68,0,1051.96,3.798,0.4393333333333333,1051.96,76.01,2199.7986666666666
68,1,1099.93,2.784615384615385,0.53,1099.93,80.26,2295.103076923077
68,2,1114.35,4.119230769230769,0.4476923076923077,1114.35,80.27,2330.461538461538
69,0,282.42,1.4733333333333334,0.4046666666666667,282.42,20.87,593.886
69,1,634.7,2.3653846153846154,1.290769230769231,634.7,46.5,1330.3084615384616
69,2,651.36,3.996923076923077,0.5638461538461539,651.36,46.97,1370.8023076923077
70,0,408.81,2.869333333333333,1.192,408.81,29.81,864.1606666666667
70,1,601.87,1.7407692307692306,1.8553846153846154,601.87,44.37,1260.5246153846153
70,2,608.16,2.419230769230769,2.647692307692308,608.16,44.53,1278.2415384615383
71,0,329.08,2.0046666666666666,0.508,329.08,24.2,693.3993333333333
71,1,674.06,2.0876923076923077,1.0538461538461539,674.06,49.52,1410.1861538461537
71,2,684.77,2.5,0.5261538461538462,684.77,50.1,1433.1923076923076
72,0,626.4,2.482,0.6686666666666667,626.4,45.84,1312.3873333333331
72,1,833.37,2.149230769230769,0.7715384615384616,833.37,61.19,1740.2192307692308
72,2,850.09,2.6953846153846155,0.5015384615384616,850.09,62.08,1776.7400000000002
73,0,258.95,1.5993333333333333,0.45,258.95,19.12,545.9166666666666
73,1,598.15,1.9984615384615385,0.946923076923077,598.15,43.98,1252.166153846154
73,2,615.51,4.173846153846154,1.1915384615384617,615.51,44.31,1298.5823076923075
74,0,419.15,1.636,1.8846666666666667,419.15,30.93,881.1793333333333
74,1,585.14,1.7407692307692306,1.2492307692307694,585.14,43.13,1224.6123076923077
74,2,586.81,1.6284615384615384,1.4315384615384614,586.81,43.31,1227.9353846153845
75,0,524.51,1.9406666666666665,0.8233333333333334,524.51,38.59,1098.96
75,1,708.2,1.6,1.3723076923076922,708.2,52.28,1479.4246153846154
75,2,724.0,3.043846153846154,0.8530769230769231,724.0,52.7,1517.6253846153845
76,0,575.8,1.7726666666666666,0.7473333333333334,575.8,42.43,1204.388
76,1,778.18,1.8092307692307692,0.49769230769230777,778.18,57.33,1623.7315384615385
76,2,791.85,2.0961538461538463,0.5807692307692308,791.85,58.17,1653.5123076923078
77,0,1061.44,3.6420000000000003,0.428,1061.44,76.81,2218.7560000000003
77,1,1172.12,2.9915384615384615,0.5061538461538462,1172.12,85.36,2445.5699999999997
77,2,1198.19,4.104615384615385,0.45692307692307693,1198.19,86.32,2504.1369230769233
78,0,314.66,1.4266666666666665,0.46266666666666667,314.66,23.27,660.6486666666667
78,1,653.23,2.0476923076923077,0.8530769230769231,653.23,48.01,1366.4146153846154
78,2,666.16,2.9253846153846155,0.5238461538461539,666.16,48.54,1396.5346153846153
79,0,400.85,1.2286666666666666,0.936,400.85,29.7,839.4153333333334
79,1,668.89,1.5815384615384613,0.5161538461538462,668.89,49.39,1396.11
79,2,677.0,1.5492307692307692,0.7200000000000001,677.0,50.0,1413.186153846154
80,0,55.41,1.978,0.5606666666666666,55.41,4.08,125.91133333333333
80,1,588.0,1.876923076923077,4.239230769230769,588.0,43.29,1237.1530769230767
80,2,595.11,2.306153846153846,2.2407692307692306,595.11,43.63,1249.8623076923077
81,0,611.21,2.041333333333333,0.574,611.21,44.92,1278.6946666666668
81,1,835.61,1.6446153846153846,0.5107692307692309,835.61,61.66,1742.1246153846155
81,2,855.84,2.2784615384615385,0.47000000000000003,855.84,62.76,1786.7723076923078
82,0,5.51,2.57,4.945333333333333,5.51,0.4,34.160666666666664
82,1,587.33,1.8353846153846154,3.0353846153846153,587.33,43.26,1233.1676923076925
82,2,595.79,2.483846153846154,1.246923076923077,595.79,43.6,1250.0930769230768
83,0,178.17,1.8413333333333335,1.2726666666666666,178.17,13.12,381.212
83,1,592.41,1.5492307692307692,1.3476923076923077,592.41,43.75,1239.0115384615383
83,2,599.45,1.8746153846153848,0.76,599.45,44.13,1253.9230769230771
85,0,828.76,2.234,0.4486666666666667,828.76,60.8,1730.3873333333331
85,1,999.9,1.7923076923076924,0.5407692307692308,999.9,73.67,2083.513076923077
85,2,1021.05,2.2776923076923077,0.6646153846153846,1021.05,74.87,2129.6876923076925
86,0,5286.78,4.243333333333333,0.43200000000000005,5286.78,380.37,10976.010666666665
86,1,5230.78,3.2476923076923074,0.4984615384615385,5230.78,379.97,10858.765384615384
86,2,5325.42,4.056153846153846,0.4984615384615385,5325.42,383.84,11055.957692307693
88,0,8814.46,4.7540000000000004,0.43200000000000005,8814.46,631.08,18284.634
88,1,8750.69,4.127692307692308,0.5415384615384616,8750.69,630.29,18153.39153846154
88,2,8786.09,4.537692307692308,0.6161538461538462,8786.09,630.35,18226.45076923077
89,0,602.13,2.118,0.06466666666666666,602.13,44.22,1259.1993333333335
89,1,733.85,2.0915384615384616,0.11307692307692307,733.85,53.91,1532.293846153846
89,2,741.94,2.4992307692307696,0.02846153846153846,741.94,54.29,1550.723076923077
90,0,803.62,3.614,0.03933333333333333,803.62,58.17,1683.5586666666668
90,1,962.03,4.230769230769231,1.9184615384615382,962.03,69.22,2018.2707692307692
90,2,969.29,3.9630769230769234,0.06153846153846154,969.29,69.93,2028.4484615384615
91,0,382.38,2.493333333333333,0.9913333333333333,382.38,27.98,807.1893333333333
91,1,677.42,1.9423076923076923,0.9000000000000001,677.42,49.84,1416.1915384615384
91,2,685.6,2.273846153846154,0.35076923076923083,685.6,50.28,1433.5507692307692
92,0,409.13,2.869333333333333,1.6039999999999999,409.13,29.83,865.6446666666667
92,1,602.9,1.7407692307692306,2.269230769230769,602.9,44.44,1263.4823076923076
92,2,609.19,2.419230769230769,2.203076923076923,609.19,44.61,1279.4923076923078
93,0,562.09,2.1993333333333336,1.1246666666666665,562.09,41.25,1178.676
93,1,761.96,1.9961538461538462,3.4061538461538463,761.96,56.03,1596.743076923077
93,2,769.95,2.0946153846153845,0.13153846153846155,769.95,56.56,1607.196153846154
94,0,501.97,2.529333333333333,0.10600000000000001,501.97,36.72,1053.5186666666668
94,1,765.42,2.477692307692308,0.07692307692307693,765.42,56.02,1599.4023076923077
94,2,784.15,3.4646153846153847,0.3315384615384615,784.15,56.84,1643.1261538461538
95,0,235.71,2.472666666666667,2.12,235.71,17.25,505.2733333333333
95,1,623.34,2.3538461538461535,0.34846153846153843,623.34,45.68,1304.8261538461538
95,2,630.57,2.770769230769231,0.4538461538461539,630.57,46.02,1321.9215384615386
96,0,823.67,2.3793333333333333,2.5166666666666666,823.67,60.34,1724.61
96,1,826.44,2.1015384615384614,1.0476923076923077,826.44,60.71,1726.1930769230771
96,2,830.43,2.2815384615384615,2.1315384615384616,830.43,60.89,1737.420769230769
97,0,241.36,2.688,0.10133333333333333,241.36,17.63,513.9926666666668
97,1,636.72,1.890769230769231,0.1,636.72,46.87,1329.9638461538461
97,2,646.66,2.513076923076923,0.5338461538461539,646.66,47.31,1354.2630769230768
98,0,813.69,2.228,0.05,813.69,59.7,1698.3200000000002
98,1,882.69,1.9723076923076923,0.06615384615384615,882.69,64.92,1840.293846153846
98,2,889.39,2.537692307692308,0.20923076923076925,889.39,65.05,1856.936923076923
99,0,1002.27,3.999333333333333,0.19133333333333333,1002.27,72.28,2097.199333333333
99,1,1170.61,4.74923076923077,0.7084615384615385,1170.61,83.82,2450.203076923077
99,2,1185.71,4.3792307692307695,0.05,1185.71,85.2,2478.616153846154
100,0,441.68,3.18,1.044,441.68,32.1,933.4480000000001
100,1,704.85,1.5576923076923077,1.0746153846153847,704.85,52.05,1471.6876923076925
100,2,713.2,1.7892307692307692,0.07384615384615384,713.2,52.55,1488.043846153846
101,0,682.5,1.478,0.14666666666666667,682.5,50.44,1423.1233333333334
101,1,737.51,1.083076923076923,0.07692307692307693,737.51,54.72,1535.309230769231
101,2,742.71,1.7061538461538461,0.22384615384615386,742.71,54.77,1549.1684615384615
102,0,354.74,3.2726666666666664,1.2806666666666666,354.74,25.76,754.1646666666667
102,1,598.56,1.6338461538461537,3.2746153846153847,598.56,44.17,1256.0084615384615
102,2,605.83,2.3992307692307695,1.406923076923077,605.83,44.37,1270.8400000000001
103,0,681.84,2.316666666666667,0.132,681.84,49.98,1425.5073333333335
103,1,844.54,2.2523076923076926,0.031538461538461536,844.54,61.94,1762.3446153846153
103,2,857.38,2.553846153846154,0.0,857.38,62.7,1790.2292307692308
104,0,414.29,2.842,1.4226666666666667,414.29,30.21,875.8453333333333
104,1,604.36,1.8253846153846154,2.0976923076923075,604.36,44.51,1266.5523076923077
104,2,609.8,2.3669230769230767,2.0984615384615384,609.8,44.68,1280.3115384615385
105,0,541.44,1.7646666666666666,3.202,541.44,39.9,1138.0073333333335
105,1,590.39,1.7046153846153846,3.5138461538461545,590.39,43.54,1239.8707692307692
105,2,591.67,1.7807692307692307,0.8523076923076923,591.67,43.6,1237.5484615384617
107,0,1098.71,3.0140000000000002,0.662,1098.71,79.99,2293.804
107,1,1192.46,1.9053846153846155,0.6292307692307693,1192.46,87.76,2483.4653846153847
107,2,1218.5,2.6584615384615384,0.3669230769230769,1218.5,89.02,2540.046153846154
108,0,5541.66,4.374,0.0,5541.66,398.21,11503.4
108,1,5526.76,4.264615384615384,0.0,5526.76,397.55,11472.393076923077
108,2,5498.13,2.707692307692308,0.0,5498.13,401.49,11411.288461538461
110,0,8374.16,4.418666666666667,0.043333333333333335,8374.16,601.48,17371.98
110,1,8429.38,5.229230769230769,0.01076923076923077,8429.38,600.79,17485.71769230769
110,2,8355.22,4.298461538461539,0.0,8355.22,600.82,17332.752307692306
111,0,745.74,1.6653333333333333,0.6366666666666667,745.74,55.01,1556.0900000000001
111,1,943.43,2.4976923076923074,0.23846153846153847,943.43,69.03,1968.8553846153845
111,2,958.86,2.2961538461538464,0.4215384615384616,958.86,70.3,2000.3438461538462
112,0,911.36,4.5873333333333335,0.0,911.36,65.35,1911.0066666666667
112,1,927.77,4.2615384615384615,0.0,927.77,66.74,1943.5876923076921
112,2,931.21,4.926923076923076,0.0,931.21,66.56,1953.6146153846153
113,0,187.44,1.4306666666666668,0.0,187.44,13.86,395.8933333333333
113,1,603.08,1.9438461538461538,0.0,603.08,44.37,1260.249230769231
113,2,616.93,3.539230769230769,0.0,616.93,44.69,1296.2461538461537
114,0,329.04,1.918,0.4466666666666666,329.04,24.21,692.7733333333333
114,1,673.15,1.98,1.0015384615384615,673.15,49.51,1407.7130769230769
114,2,684.58,2.5,0.4092307692307692,684.58,50.09,1432.5684615384616
115,0,561.84,2.130666666666667,1.1386666666666665,561.84,41.26,1177.8706666666667
115,1,760.43,1.916923076923077,2.7176923076923076,760.43,55.96,1591.84
115,2,768.31,1.9876923076923076,0.1076923076923077,768.31,56.5,1603.273846153846
116,0,930.04,2.2053333333333334,0.05,930.04,68.25,1939.4566666666665
116,1,1083.1,2.0338461538461536,0.36,1083.1,79.61,2256.699230769231
116,2,1108.18,2.477692307692308,0.18692307692307694,1108.18,81.1,2310.222307692308
117,0,326.45,1.9566666666666666,0.050666666666666665,326.45,24.01,686.7946666666667
117,1,645.27,1.9807692307692308,0.054615384615384614,645.27,47.46,1348.0130769230768
117,2,660.4,3.566153846153846,0.12769230769230772,660.4,47.82,1386.706153846154
118,0,558.77,2.552,0.47200000000000003,558.77,40.86,1172.1039999999998
118,1,713.87,1.7353846153846153,6.156923076923078,713.87,52.63,1501.3607692307692
118,2,722.53,2.0246153846153847,0.5992307692307692,722.53,53.11,1509.4915384615383
119,0,764.75,2.1406666666666667,0.7326666666666667,764.75,56.15,1597.8186666666666
119,1,926.34,1.7415384615384615,1.7176923076923076,926.34,68.29,1933.113076923077
119,2,948.95,2.786153846153846,0.4,948.95,69.24,1981.8707692307694
120,0,875.94,1.5959999999999999,0.22533333333333333,875.94,64.66,1824.9706666666666
120,1,1029.94,2.1053846153846156,0.08846153846153845,1029.94,75.65,2146.2338461538466
120,2,1043.74,1.6946153846153846,0.8492307692307691,1043.74,76.98,2174.631538461538
121,0,791.18,4.394,0.0,791.18,56.84,1661.17
121,1,920.21,3.718461538461538,0.0,920.21,66.54,1925.5523076923077
121,2,933.74,4.413076923076923,0.0,933.74,67.07,1956.6153846153845
122,0,143.52,1.338666666666667,0.0,143.52,10.62,304.35333333333335
122,1,595.69,2.0076923076923077,0.0,595.69,43.8,1245.2184615384617
122,2,610.46,3.7823076923076924,0.0,610.46,44.12,1283.9515384615386
123,0,696.62,1.5226666666666666,0.4553333333333333,696.62,51.46,1453.2240000000002
123,1,887.46,2.0615384615384618,0.33999999999999997,887.46,65.22,1851.1276923076923
123,2,898.83,1.7038461538461538,0.01846153846153846,898.83,66.28,1872.496153846154
124,0,338.32,1.9080000000000001,0.2786666666666667,338.32,24.9,711.6373333333333
124,1,683.01,2.7084615384615387,0.11153846153846156,683.01,49.87,1429.6553846153847
124,2,687.76,2.2438461538461536,0.11000000000000001,687.76,50.45,1437.4092307692308
125,0,943.99,2.3386666666666667,0.37733333333333335,943.99,69.18,1969.6080000000002
125,1,1101.94,2.413076923076923,0.20692307692307693,1101.94,80.7,2297.059230769231
125,2,1126.21,2.5553846153846154,0.2753846153846154,1126.21,82.36,2348.1076923076926
126,0,326.52,1.886,0.14933333333333332,326.52,24.04,686.8086666666667
126,1,671.8,1.9784615384615383,0.446923076923077,671.8,49.41,1403.7961538461536
126,2,683.0,2.4699999999999998,0.019230769230769232,683.0,49.99,1428.3784615384616
127,0,461.75,2.0086666666666666,0.956,461.75,33.95,969.4053333333334
127,1,730.39,1.9753846153846153,0.09307692307692307,730.39,53.72,1524.563076923077
127,2,737.37,1.5223076923076921,0.4423076923076923,737.37,54.47,1537.706153846154
129,0,535.16,2.4073333333333333,0.0,535.16,39.19,1121.5466666666666
129,1,773.98,2.2046153846153844,0.0,773.98,56.8,1615.7830769230768
129,2,789.5,3.11,0.0,789.5,57.43,1651.98
130,0,5005.77,4.566000000000001,0.0,5005.77,359.04,10393.41
130,1,4963.72,3.6723076923076925,0.0,4963.72,359.09,10304.89153846154
130,2,5053.32,4.576153846153846,0.0,5053.32,362.41,10491.930769230768
132,0,8778.35,3.9459999999999997,0.012,8778.35,633.38,18209.834
132,1,8784.84,4.17076923076923,0.0,8784.84,632.48,18223.013846153844
132,2,8809.48,4.430769230769231,0.3738461538461539,8809.48,632.68,18274.541538461537
133,0,406.7,2.4926666666666666,0.0,406.7,29.76,855.6233333333332
133,1,620.95,2.4276923076923076,0.0,620.95,45.47,1299.5084615384617
133,2,633.5,3.9699999999999998,0.0,633.5,45.7,1332.5500000000002
134,0,1287.61,3.6533333333333333,0.06733333333333333,1287.61,93.17,2686.791333333333
134,1,1378.59,2.853846153846154,1.06,1378.59,100.53,2874.0992307692304
134,2,1407.91,3.668461538461538,0.04461538461538461,1407.91,101.86,2936.1115384615387
135,0,797.87,2.508666666666667,0.32066666666666666,797.87,58.38,1667.3046666666667
135,1,981.3,2.0915384615384616,0.05923076923076923,981.3,72.09,2045.2661538461537
135,2,1015.33,3.7346153846153842,0.7353846153846154,1015.33,73.41,2124.213846153846
136,0,625.98,2.516,0.30666666666666664,625.98,45.8,1310.9533333333334
136,1,834.4,2.1884615384615382,2.1753846153846155,834.4,61.24,1745.333076923077
136,2,850.67,2.6946153846153846,0.43615384615384617,850.67,62.13,1777.8153846153846
137,0,501.43,2.494666666666667,0.1,501.43,36.69,1052.2233333333334
137,1,765.49,2.477692307692308,0.08692307692307691,765.49,56.02,1599.5623076923077
137,2,784.81,3.5430769230769235,0.43,784.81,56.85,1645.0453846153846
138,0,927.83,2.1713333333333336,0.034666666666666665,927.83,68.11,1934.6960000000001
138,1,1082.11,1.9946153846153847,0.20153846153846156,1082.11,79.57,2254.1661538461535
138,2,1106.95,2.4384615384615382,0.14769230769230768,1106.95,81.04,2307.4276923076923
139,0,661.68,2.579333333333333,0.7906666666666666,661.68,48.38,1386.2179999999998
139,1,876.5,1.876923076923077,0.22076923076923077,876.5,64.53,1827.3561538461538
139,2,898.88,2.7199999999999998,0.7207692307692307,898.88,65.63,1878.4315384615384
140,0,875.89,1.8666666666666667,0.10066666666666667,875.89,64.49,1825.8046666666667
140,1,966.08,1.56,0.11615384615384615,966.08,71.34,2011.5323076923078
140,2,984.68,2.213076923076923,0.11615384615384615,984.68,72.25,2052.907692307692
141,0,289.01,3.4733333333333336,0.0,289.01,20.95,616.3366666666666
141,1,642.24,2.6953846153846155,0.0,642.24,46.9,1344.856923076923
141,2,662.41,4.833076923076923,0.08384615384615385,662.41,47.39,1396.5430769230768
142,0,579.57,2.7800000000000002,0.0,579.57,42.29,1215.33
142,1,626.74,2.883846153846154,0.0,626.74,45.69,1313.5892307692309
142,2,627.1,2.7,0.0,627.1,45.8,1313.5
143,0,1501.12,3.4819999999999998,0.442,1501.12,108.8,3129.334
143,1,1593.06,3.045384615384615,0.4392307692307692,1593.06,115.95,3318.1753846153847
143,2,1643.05,4.312307692307693,0.31153846153846154,1643.05,118.13,3426.414615384615
144,0,851.75,2.3,0.24000000000000002,851.75,62.45,1777.93
144,1,1023.53,1.9169230769230767,0.23076923076923078,1023.53,75.32,2132.4261538461537
144,2,1059.11,3.526923076923077,0.41307692307692306,1059.11,76.73,2213.410769230769
145,0,569.95,2.6079999999999997,0.0,569.95,41.66,1194.6
145,1,694.15,2.3038461538461537,0.0,694.15,50.89,1450.7092307692305
145,2,702.04,2.7976923076923077,0.0,702.04,51.22,1469.2884615384614
146,0,596.28,2.2800000000000002,0.07600000000000001,596.28,43.72,1247.8319999999999
146,1,820.33,2.126153846153846,0.0,820.33,60.24,1711.5307692307692
146,2,836.08,2.5761538461538462,0.09076923076923077,836.08,61.13,1746.352307692308
147,0,302.41,2.682666666666667,0.0,302.41,22.09,640.3233333333334
147,1,600.42,4.522307692307693,0.0,600.42,43.08,1266.5315384615383
147,2,607.82,5.14,0.0,607.82,43.36,1284.7000000000003
148,0,630.24,2.4799999999999995,0.35333333333333333,630.24,46.12,1319.7066666666667
148,1,836.93,2.163846153846154,1.9884615384615385,836.93,61.44,1750.0961538461538
148,2,853.32,2.6784615384615384,0.4161538461538461,853.32,62.33,1783.1946153846156
149,0,617.63,2.272,0.0,617.63,45.29,1291.9099999999999
149,1,794.89,2.0315384615384615,0.0,794.89,58.43,1658.3676923076923
149,2,804.55,2.086153846153846,0.0,804.55,59.11,1678.6407692307691
151,0,1445.89,1.9533333333333334,0.138,1445.89,106.36,3008.1826666666666
151,1,1537.32,1.9761538461538461,0.49,1537.32,113.06,3198.560769230769
151,2,1586.44,3.2161538461538464,1.0915384615384616,1586.44,115.28,3306.423846153846
152,0,5920.61,4.26,0.0,5920.61,425.9,12288.419999999998
152,1,5887.03,3.983076923076923,0.007692307692307693,5887.03,424.61,12218.600769230768
152,2,5947.54,3.870769230769231,0.10230769230769231,5947.54,429.44,12344.078461538462
154,0,8515.92,5.173333333333333,0.03333333333333333,8515.92,607.28,17665.053333333337
154,1,8578.95,6.046153846153846,0.0,8578.95,606.74,17794.870769230773
154,2,8554.07,5.766923076923077,0.007692307692307693,8554.07,606.57,17743.559999999998
155,0,612.77,2.1573333333333333,1.2106666666666668,612.77,44.99,1283.7379999999998
155,1,798.84,1.6523076923076923,0.9153846153846152,798.84,58.94,1666.7123076923076
155,2,817.01,2.606923076923077,0.6000000000000001,817.01,59.72,1707.9746153846154
156,0,797.9,4.368666666666667,0.07466666666666667,797.9,57.34,1675.1326666666666
156,1,899.75,4.027692307692307,0.05923076923076923,899.75,64.87,1884.626923076923
156,2,908.47,4.595384615384615,0.09,908.47,65.14,1905.2369230769232
157,0,149.16,2.52,0.26333333333333336,149.16,10.91,322.3566666666667
157,1,607.19,1.8453846153846152,0.30615384615384617,607.19,44.71,1268.9292307692308
157,2,621.18,3.373076923076923,0.05846153846153846,621.18,45.07,1304.4123076923076
158,0,258.73,1.496,0.008,258.73,19.12,544.076
158,1,596.93,1.7207692307692308,1.4215384615384616,596.93,44.01,1249.316923076923
158,2,617.11,4.371538461538462,0.9523076923076924,617.11,44.34,1302.3223076923077
159,0,235.57,2.4040000000000004,1.8466666666666667,235.57,17.25,504.1033333333333
159,1,622.27,2.2746153846153847,0.5761538461538461,622.27,45.63,1302.6953846153847
159,2,630.93,2.923076923076923,1.19,630.93,45.98,1324.8353846153846
160,0,326.29,1.9226666666666667,0.06933333333333333,326.29,24.01,686.3420000000001
160,1,646.37,2.0446153846153843,0.13153846153846155,646.37,47.51,1350.736153846154
160,2,660.82,3.526923076923077,0.09153846153846154,660.82,47.87,1387.3276923076924
161,0,662.64,2.579333333333333,0.7986666666666667,662.64,48.45,1388.2240000000002
161,1,876.47,1.876923076923077,0.23,876.47,64.52,1827.3046153846153
161,2,898.9,2.7199999999999998,0.73,898.9,65.63,1878.49
162,0,668.49,1.4553333333333331,0.2366666666666667,668.49,49.42,1394.15
162,1,699.5,3.963846153846154,1.3876923076923076,699.5,50.46,1472.0546153846153
162,2,683.01,1.6492307692307693,0.43769230769230766,683.01,50.39,1425.5315384615385
163,0,452.77,2.606,1.1593333333333333,452.77,33.09,953.9786666666666
163,1,727.5,1.936923076923077,0.00923076923076923,727.5,53.53,1518.233076923077
163,2,744.55,3.130769230769231,3.136923076923077,744.55,54.15,1565.1776923076923
164,0,800.68,2.030666666666667,0.018666666666666668,800.68,58.86,1670.4106666666667
164,1,918.18,1.646153846153846,0.09076923076923078,918.18,67.75,1912.5223076923075
164,2,939.13,2.9661538461538464,0.9646153846153845,939.13,68.41,1963.4299999999998
165,0,872.61,4.466666666666667,0.008,872.61,62.65,1830.2193333333335
165,1,1037.19,3.8984615384615386,0.04846153846153846,1037.19,74.87,2168.839230769231
165,2,1061.7,4.871538461538462,0.01076923076923077,1061.7,75.93,2223.709230769231
166,0,206.48,2.3853333333333335,0.21133333333333332,206.48,15.13,440.4393333333333
166,1,621.57,1.866153846153846,0.07153846153846154,621.57,45.76,1298.3738461538462
166,2,641.53,4.270769230769231,0.043846153846153854,641.53,46.14,1350.6415384615384
167,0,637.74,1.5453333333333332,0.03933333333333334,637.74,47.1,1330.3853333333334
167,1,777.25,1.49,0.3923076923076923,777.25,57.44,1620.1746153846154
167,2,790.11,2.269230769230769,1.8776923076923078,790.11,57.94,1653.2615384615383
168,0,212.17,1.5506666666666666,0.009333333333333334,212.17,15.67,447.7819999999999
168,1,596.63,1.4676923076923076,0.8076923076923077,596.63,44.1,1246.313846153846
168,2,616.32,3.986923076923077,5.320769230769231,616.32,44.45,1307.666153846154
169,0,762.01,2.8466666666666667,0.4073333333333334,762.01,55.57,1594.638
169,1,931.9,1.8692307692307693,0.01076923076923077,931.9,68.61,1941.7776923076922
169,2,960.27,3.2069230769230765,0.49923076923076926,960.27,69.78,2007.3530769230767
170,0,262.21,1.4866666666666668,0.018000000000000002,262.21,19.38,551.2693333333333
170,1,596.69,1.7515384615384615,1.2484615384615385,596.69,43.98,1248.6146153846155
170,2,616.64,4.374615384615384,0.996923076923077,616.64,44.31,1301.456923076923
171,0,432.65,1.4226666666666667,1.1506666666666667,432.65,31.99,906.7046666666666
171,1,633.5,1.8707692307692307,1.0469230769230768,633.5,46.64,1325.0876923076921
171,2,641.86,2.396923076923077,1.5438461538461539,641.86,47.01,1345.8023076923077
173,0,862.19,2.9613333333333336,0.016,862.19,62.8,1802.0186666666668
173,1,997.37,1.9576923076923076,0.01076923076923077,997.37,73.37,2077.92
173,2,1020.71,2.9884615384615385,0.01076923076923077,1020.71,74.33,2130.713846153846
174,0,5325.56,4.658666666666666,0.009333333333333334,5325.56,381.64,11056.072
174,1,5302.95,4.313076923076923,0.01076923076923077,5302.95,381.28,11008.766923076922
174,2,5314.15,3.536153846153846,0.01076923076923077,5314.15,384.95,11030.952307692307
176,0,8536.82,4.2059999999999995,0.018000000000000002,8536.82,614.42,17709.126
176,1,8538.88,4.363846153846153,0.01076923076923077,8538.88,613.64,17713.240769230768
176,2,8551.77,4.5053846153846155,0.16461538461538464,8551.77,613.73,17740.126153846155
177,0,495.26,1.504,0.05266666666666667,495.26,36.59,1034.7353333333333
177,1,723.42,1.5015384615384615,0.06846153846153846,723.42,53.45,1507.9346153846154
177,2,734.09,1.8153846153846156,0.06076923076923077,734.09,54.07,1531.4484615384617
178,0,1431.91,3.271333333333333,0.442,1431.91,103.99,2985.050666666667
178,1,1449.82,2.918461538461538,0.10153846153846155,1449.82,105.65,3020.0853846153846
178,2,1452.37,3.5015384615384617,0.11076923076923076,1452.37,105.24,3027.709230769231
179,0,642.61,2.3713333333333333,0.6266666666666667,642.61,47.08,1345.41
179,1,713.84,2.44,1.0353846153846153,713.84,52.26,1494.2107692307693
179,2,712.44,1.9907692307692306,0.3761538461538461,712.44,52.39,1487.976153846154
180,0,418.67,1.5913333333333335,4.246666666666666,418.67,30.91,884.7
180,1,583.78,1.6715384615384616,0.643846153846154,583.78,43.06,1220.2653846153844
180,2,585.45,1.5592307692307692,0.6815384615384615,585.45,43.23,1223.289230769231
181,0,821.38,2.2506666666666666,1.2206666666666668,821.38,60.25,1716.7046666666665
181,1,823.66,2.022307692307692,0.6753846153846155,823.66,60.55,1719.3323076923075
181,2,827.1,2.1330769230769233,1.5553846153846154,827.1,60.74,1728.716153846154
182,0,557.71,2.36,0.13533333333333336,557.71,40.86,1168.3506666666667
182,1,713.18,1.7330769230769232,6.417692307692308,713.18,52.58,1500.440769230769
182,2,719.63,1.7084615384615385,0.31461538461538463,719.63,53.07,1501.5015384615385
183,0,874.15,1.726,0.05266666666666667,874.15,64.45,1821.4853333333333
183,1,965.49,1.6776923076923076,0.06076923076923077,965.49,71.22,2010.71
183,2,982.74,2.169230769230769,0.06076923076923077,982.74,72.14,2048.587692307692
184,0,669.56,1.7073333333333334,0.24866666666666667,669.56,49.37,1397.524
184,1,696.96,3.7899999999999996,0.38384615384615384,696.96,50.36,1463.9976923076924
184,2,682.97,1.8453846153846152,0.3023076923076923,682.97,50.29,1426.0615384615385
185,0,886.28,1.7606666666666666,0.05266666666666667,886.28,65.32,1846.7886666666664
185,1,924.55,2.0307692307692307,0.06076923076923077,924.55,67.96,1927.3353846153846
185,2,932.01,1.9707692307692308,0.5984615384615385,932.01,68.55,1943.6207692307692
186,0,484.76,1.6253333333333333,0.05266666666666667,484.76,35.78,1013.5319999999999
186,1,750.48,2.176923076923077,0.06076923076923077,750.48,55.09,1567.0561538461538
186,2,759.46,1.7961538461538462,0.06076923076923077,759.46,55.95,1583.9723076923078
187,0,1342.79,3.334,0.08133333333333333,1342.79,97.46,2799.8726666666666
187,1,1389.04,2.3153846153846156,0.06076923076923077,1389.04,101.82,2891.5984615384614
187,2,1408.48,3.449230769230769,0.07615384615384616,1408.48,102.11,2936.4684615384613
188,0,641.0,1.7746666666666668,0.32266666666666666,641.0,47.24,1338.7586666666666
188,1,732.79,2.043846153846154,0.8023076923076923,732.79,53.86,1531.263846153846
188,2,732.28,1.5615384615384615,0.2246153846153846,732.28,54.08,1526.896923076923
189,0,346.75,1.188,0.05266666666666667,346.75,25.7,725.2453333333333
189,1,655.21,0.9161538461538462,0.06076923076923077,655.21,48.69,1363.8123076923077
189,2,665.34,1.3476923076923077,0.06076923076923077,665.34,49.24,1386.7800000000002
190,0,473.36,1.6426666666666667,3.6060000000000003,473.36,34.93,997.0753333333333
190,1,586.49,1.9246153846153846,1.676923076923077,586.49,43.16,1229.116923076923
190,2,587.84,1.893076923076923,1.639230769230769,587.84,43.27,1231.6938461538462
191,0,707.7,1.8666666666666667,0.05266666666666667,707.7,52.1,1476.938666666667
191,1,881.79,2.3046153846153845,0.06076923076923077,881.79,64.64,1839.8646153846153
191,2,894.98,2.2415384615384615,0.06076923076923077,894.98,65.65,1866.9392307692308
192,0,414.21,1.6333333333333333,4.4126666666666665,414.21,30.57,875.982
192,1,584.0,1.7292307692307693,0.6523076923076924,584.0,43.06,1221.0107692307693
192,2,586.85,1.8069230769230769,0.7461538461538461,586.85,43.23,1227.456923076923
193,0,287.42,1.5666666666666667,0.05266666666666667,287.42,21.22,603.9986666666666
193,1,591.62,1.4853846153846153,0.0,591.62,43.72,1234.3869230769233
193,2,595.28,1.4769230769230768,1.0961538461538463,595.28,44.0,1244.136923076923
195,0,814.45,1.6146666666666667,0.0,814.45,60.11,1697.0833333333335
195,1,988.18,1.8023076923076924,2.980769230769231,988.18,72.8,2064.133076923077
195,2,1004.93,1.706923076923077,0.02769230769230769,1004.93,74.1,2092.5499999999997
196,0,5094.72,3.2419999999999995,0.008666666666666666,5094.72,370.11,10575.777333333333
196,1,5101.02,3.4569230769230765,0.0,5101.02,369.79,10589.114615384617
196,2,5188.09,4.095384615384615,0.0,5188.09,373.8,10770.456923076923
198,0,9194.84,4.243333333333333,2.3546666666666667,9194.84,661.54,19077.146
198,1,9226.42,4.740769230769231,1.3300000000000003,9226.42,660.66,19139.863846153847
198,2,9198.19,4.407692307692307,0.6115384615384616,9198.19,660.74,19080.381538461537
199,0,537.25,3.0653333333333332,0.0,537.25,39.1,1128.9266666666667
199,1,613.74,2.894615384615385,0.0,613.74,44.74,1286.6930769230771
199,2,616.22,2.987692307692307,0.06384615384615384,616.22,44.88,1292.3861538461538
200,0,1001.63,3.9699999999999998,0.32,1001.63,72.25,2096.0
200,1,1136.0,3.6076923076923078,2.019230769230769,1136.0,82.23,2376.306923076923
200,2,1142.14,2.8176923076923077,0.6869230769230769,1142.14,83.31,2383.052307692308
201,0,600.16,2.4373333333333336,1.1520000000000001,600.16,43.94,1258.7506666666666
201,1,819.5,1.85,1.3453846153846156,819.5,60.35,1711.2907692307692
201,2,840.01,3.036153846153846,0.4569230769230769,840.01,61.14,1757.2546153846154
202,0,524.01,1.7993333333333332,0.2406666666666667,524.01,38.61,1096.108
202,1,710.84,1.7984615384615383,0.29846153846153844,710.84,52.37,1483.6392307692308
202,2,723.56,2.8123076923076926,0.5823076923076923,723.56,52.78,1515.1261538461536
203,0,239.83,2.0886666666666667,0.012666666666666666,239.83,17.62,507.7486666666666
203,1,636.14,1.736923076923077,0.07692307692307693,636.14,46.9,1328.0184615384615
203,2,643.88,2.0123076923076924,0.45461538461538464,643.88,47.34,1346.0707692307692
204,0,760.38,1.654,1.3506666666666667,760.38,56.1,1587.8313333333333
204,1,926.73,1.723076923076923,1.1192307692307693,926.73,68.33,1932.6438461538464
204,2,950.19,2.8815384615384616,0.5215384615384615,950.19,69.27,1985.1007692307694
205,0,289.75,3.7199999999999998,0.026000000000000002,289.75,20.95,619.1020000000001
205,1,642.5,2.7415384615384615,0.0,642.5,46.9,1345.6076923076923
205,2,659.12,4.316923076923077,0.02692307692307692,659.12,47.39,1387.2684615384615
206,0,450.58,2.1873333333333336,1.0766666666666667,450.58,33.07,947.3199999999999
206,1,729.48,2.1169230769230767,0.01076923076923077,729.48,53.58,1523.146153846154
206,2,744.09,2.9784615384615383,3.68076923076923,744.09,54.19,1564.623846153846
207,0,887.88,1.7746666666666668,0.0,887.88,65.43,1850.0633333333333
207,1,925.73,1.8884615384615384,0.0,925.73,68.14,1929.0423076923078
207,2,933.07,1.8284615384615384,0.24307692307692305,933.07,68.72,1944.4884615384617
208,0,745.54,2.7973333333333334,0.0,745.54,54.39,1559.4566666666665
208,1,775.07,3.4707692307692306,0.0,775.07,56.18,1623.6738461538462
208,2,770.09,3.0084615384615385,0.024615384615384615,770.09,56.07,1611.3415384615387
209,0,1235.49,3.5293333333333337,0.030000000000000002,1235.49,89.5,2578.1866666666665
209,1,1363.11,3.4815384615384612,1.1053846153846154,1363.11,98.79,2844.628461538461
209,2,1397.44,4.202307692307692,0.33076923076923076,1397.44,100.58,2917.133076923077
210,0,658.03,2.469333333333333,0.6006666666666667,658.03,48.16,1377.768
210,1,859.82,1.7976923076923077,0.2561538461538462,859.82,63.35,1792.4907692307693
210,2,880.67,2.839230769230769,0.28923076923076924,880.67,64.23,1840.3446153846153
211,0,662.97,2.2133333333333334,0.0,662.97,48.65,1385.6566666666668
211,1,661.67,1.8884615384615384,0.0,661.67,48.71,1381.4923076923078
211,2,664.64,2.2884615384615383,0.0,664.64,48.73,1389.4523076923078
212,0,476.6,1.726,0.09200000000000001,476.6,35.14,997.154
212,1,694.36,1.7161538461538461,1.5176923076923077,694.36,51.2,1451.5361538461539
212,2,706.71,2.7023076923076923,0.36,706.71,51.61,1479.2615384615385
213,0,537.09,3.0493333333333337,0.0,537.09,39.09,1128.5166666666669
213,1,698.23,2.6284615384615386,0.0,698.23,51.03,1460.6323076923077
213,2,715.27,4.256923076923077,0.031538461538461536,715.27,51.46,1503.3476923076923
214,0,529.12,1.7413333333333334,0.18933333333333333,529.12,39.0,1106.3253333333332
214,1,713.62,1.8023076923076924,0.2838461538461538,713.62,52.57,1489.3892307692308
214,2,725.97,2.7523076923076926,0.6284615384615384,725.97,52.99,1519.9484615384615
215,0,599.24,1.7053333333333334,0.0,599.24,44.19,1251.1966666666667
215,1,699.2,2.1346153846153846,0.0,699.2,51.34,1460.413076923077
215,2,700.62,1.7761538461538462,0.023846153846153847,700.62,51.63,1461.7984615384617
217,0,1298.18,2.2013333333333334,1.2333333333333334,1298.18,95.27,2705.1033333333335
217,1,1390.42,2.1184615384615384,0.10230769230769231,1390.42,102.12,2893.756923076923
217,2,1424.72,2.9415384615384617,0.6646153846153846,1424.72,103.8,2969.2769230769227
218,0,5797.33,4.9126666666666665,0.02,5797.33,414.44,12033.703333333333
218,1,5700.48,3.4038461538461537,0.057692307692307696,5700.48,413.46,11831.554615384615
218,2,5802.02,4.153846153846154,0.0,5802.02,417.8,12042.60923076923
220,0,8361.67,4.85,0.025333333333333333,8361.67,598.12,17345.76066666667
220,1,8414.32,5.618461538461539,0.0,8414.32,597.5,17454.232307692306
220,2,8366.34,5.026153846153846,0.016923076923076923,8366.34,597.45,17355.294615384617
221,0,214.66,2.945333333333333,0.0,214.66,15.64,459.68666666666667
221,1,590.0,2.9646153846153847,0.0,590.0,42.98,1237.8030769230768
221,2,594.48,2.8815384615384616,0.0,594.48,43.34,1246.7076923076925
222,0,1588.9,3.070666666666667,0.38266666666666665,1588.9,115.62,3309.5386666666664
222,1,1631.87,2.710769230769231,0.022307692307692306,1631.87,119.16,3396.498461538461
222,2,1643.06,3.206153846153846,0.03230769230769231,1643.06,119.4,3421.6153846153848
223,0,860.39,2.0580000000000003,0.008666666666666666,860.39,63.23,1794.3173333333334
223,1,989.81,1.843076923076923,0.7069230769230769,989.81,72.89,2063.139230769231
223,2,1010.03,2.5576923076923075,1.0715384615384616,1010.03,73.86,2108.8515384615384
224,0,577.46,2.0953333333333335,0.08933333333333332,577.46,42.42,1207.9953333333333
224,1,778.02,1.8438461538461537,0.03769230769230769,778.02,57.29,1622.6246153846153
224,2,791.48,2.0992307692307692,0.18307692307692308,791.48,58.14,1651.9623076923076
225,0,814.87,2.3920000000000003,0.07933333333333333,814.87,59.69,1701.5486666666666
225,1,884.75,2.3261538461538462,0.03307692307692308,884.75,64.85,1846.0469230769231
225,2,887.35,2.42,0.01076923076923077,887.35,64.98,1851.8015384615387
226,0,876.13,1.7166666666666666,0.31533333333333335,876.13,64.6,1826.074
226,1,1028.87,2.103846153846154,0.16076923076923075,1028.87,75.58,2144.160769230769
226,2,1048.1,2.2123076923076925,0.2523076923076923,1048.1,76.91,2184.6761538461537
227,0,579.49,2.9006666666666665,0.0,579.49,42.24,1215.7233333333334
227,1,626.24,3.076923076923077,0.0,626.24,45.57,1313.4346153846154
227,2,626.08,2.803076923076923,0.0,626.08,45.68,1311.8553846153845
228,0,803.03,2.3353333333333333,0.10933333333333334,803.03,58.85,1676.8053333333332
228,1,919.33,1.8599999999999999,0.05692307692307692,919.33,67.69,1915.763846153846
228,2,936.34,2.740769230769231,0.9723076923076923,936.34,68.35,1956.6784615384618
229,0,484.45,1.6993333333333331,0.0,484.45,35.73,1013.1266666666666
229,1,751.54,2.2623076923076924,0.0,751.54,55.12,1569.5115384615383
229,2,760.45,1.8815384615384616,0.0,760.45,55.98,1586.2876923076924
230,0,744.43,2.728666666666667,0.0,744.43,54.35,1556.8533333333332
230,1,772.99,3.3915384615384614,0.0,772.99,56.07,1619.0076923076924
230,2,767.97,2.9269230769230767,0.03461538461538462,767.97,55.96,1606.6038461538462
231,0,1635.93,2.9093333333333335,0.0,1635.93,119.23,3405.6366666666668
231,1,1704.25,2.968461538461538,0.0,1704.25,124.13,3547.472307692308
231,2,1736.99,3.7953846153846156,0.14615384615384616,1736.99,125.51,3618.759230769231
232,0,891.86,1.88,0.06866666666666667,891.86,65.66,1858.9173333333333
232,1,1021.33,1.6400000000000001,0.22923076923076924,1021.33,75.36,2126.6784615384618
232,2,1046.67,2.683846153846154,0.48307692307692307,1046.67,76.45,2184.175384615385
233,0,181.04,2.9153333333333333,0.0,181.04,13.19,389.84666666666664
233,1,604.84,2.496923076923077,0.0,604.84,44.26,1266.4246153846154
233,2,612.09,2.6576923076923076,0.0,612.09,44.72,1282.1884615384615
234,0,601.92,1.9953333333333334,0.0,601.92,44.26,1258.0766666666666
234,1,785.69,1.9530769230769232,0.6653846153846155,785.69,57.8,1640.2761538461539
234,2,798.88,2.273076923076923,0.08230769230769232,798.88,58.58,1667.87
235,0,302.67,3.582666666666667,0.0,302.67,21.92,645.1733333333334
235,1,621.68,6.3307692307692305,0.0,621.68,43.85,1318.8638461538462
235,2,606.05,2.9899999999999998,0.0,606.05,44.13,1271.1799999999998
236,0,577.77,2.192,0.11066666666666668,577.77,42.4,1209.1213333333333
236,1,778.31,1.7653846153846153,0.057692307692307696,778.31,57.36,1622.9223076923076
236,2,793.56,2.2384615384615385,0.24307692307692308,793.56,58.21,1657.0084615384615
237,0,417.58,2.0446666666666666,0.0,417.58,30.69,876.0733333333333
237,1,697.85,2.15,0.0,697.85,51.24,1457.69
237,2,710.46,2.4884615384615385,0.0,710.46,51.99,1485.352307692308
239,0,1274.02,1.968,0.35400000000000004,1274.02,93.71,2652.298
239,1,1382.62,1.6784615384615384,0.32384615384615384,1382.62,101.98,2876.2599999999998
239,2,1416.37,1.9392307692307693,0.07692307692307693,1416.37,104.21,2946.8
240,0,5598.61,3.5753333333333335,0.0,5598.61,405.4,11620.496666666666
240,1,5582.49,3.5576923076923075,0.0,5582.49,404.3,11587.068461538462
240,2,5672.83,3.9699999999999998,0.0,5672.83,409.22,11774.73
242,0,9156.96,5.75,0.0,9156.96,649.43,18992.1
242,1,9168.44,5.99,0.15153846153846154,9168.44,648.77,19015.90307692308
242,2,9102.31,5.252307692307692,0.0,9102.31,648.61,18879.491538461538
243,0,1474.98,3.3533333333333335,0.03266666666666666,1474.98,107.03,3073.822
243,1,1556.92,3.0938461538461537,0.4015384615384615,1556.92,113.26,3243.372307692308
243,2,1587.24,3.7176923076923076,0.24076923076923076,1587.24,114.78,3308.33
244,0,476.95,2.2819999999999996,0.0,476.95,34.97,1000.28
244,1,745.97,5.94923076923077,0.0,745.97,52.81,1574.496153846154
244,2,742.03,4.6692307692307695,0.0,742.03,53.17,1560.5761538461538
245,0,782.17,4.548,0.0,782.17,56.11,1643.19
245,1,951.21,3.9646153846153847,0.0,951.21,68.62,1990.863076923077
245,2,971.13,4.881538461538462,0.0,971.13,69.44,2036.107692307692
246,0,1060.44,3.505333333333333,0.0,1060.44,76.84,2215.246666666667
246,1,1173.81,3.0453846153846156,0.05,1173.81,85.43,2448.376923076923
246,2,1196.46,3.8715384615384614,0.0,1196.46,86.39,2498.6676923076925
247,0,1001.09,3.716,0.6533333333333334,1001.09,72.39,2094.4566666666665
247,1,1168.38,4.4338461538461535,0.31538461538461543,1168.38,83.91,2443.4700000000003
247,2,1187.55,4.429230769230769,0.016923076923076923,1187.55,85.29,2482.5699999999997
248,0,792.08,4.511333333333334,0.0,792.08,56.84,1663.5566666666668
248,1,918.64,3.4615384615384617,0.0,918.64,66.59,1921.1776923076923
248,2,933.55,4.315384615384615,0.0,933.55,67.12,1955.7969230769231
249,0,1502.85,3.3633333333333337,0.292,1502.85,109.05,3132.1506666666664
249,1,1598.68,3.18,0.023076923076923075,1598.68,116.21,3329.5161538461543
249,2,1647.86,4.3999999999999995,0.27153846153846156,1647.86,118.38,3436.6430769230765
250,0,872.15,4.3306666666666676,0.008,872.15,62.7,1828.6693333333333
250,1,1039.59,4.05076923076923,0.02846153846153846,1039.59,74.93,2174.420769230769
250,2,1066.28,5.243846153846154,0.0,1066.28,75.99,2234.7692307692305
251,0,1344.2,3.442,0.05333333333333334,1344.2,97.46,2803.1766666666667
251,1,1388.37,2.2023076923076923,0.0,1388.37,101.88,2889.631538461538
251,2,1409.42,3.4553846153846157,0.1323076923076923,1409.42,102.18,2938.5615384615385
252,0,1235.84,3.3413333333333335,0.042,1235.84,89.69,2578.1606666666667
252,1,1364.34,3.4023076923076925,0.7276923076923077,1364.34,98.96,2846.106923076923
252,2,1397.06,4.004615384615385,0.2276923076923077,1397.06,100.75,2915.3484615384614
253,0,1636.79,2.896,0.0,1636.79,119.3,3407.3599999999997
253,1,1706.29,2.968461538461538,0.0,1706.29,124.28,3551.702307692308
253,2,1738.74,3.7953846153846156,0.3861538461538461,1738.74,125.64,3622.869230769231
254,0,746.64,4.459333333333333,0.0,746.64,53.61,1569.1866666666665
254,1,917.01,3.986923076923077,0.0,917.01,66.14,1920.0946153846153
254,2,933.05,4.636153846153847,0.0,933.05,66.88,1956.1607692307691
255,0,1463.05,3.0953333333333335,0.0,1463.05,106.43,3048.0066666666667
255,1,1532.22,2.5561538461538458,0.22076923076923077,1532.22,112.05,3189.7123076923076
255,2,1561.35,3.465384615384615,0.0,1561.35,113.18,3253.206923076923
256,0,1043.46,3.9560000000000004,0.022000000000000002,1043.46,75.28,2182.0240000000003
256,1,1162.9,3.2399999999999998,0.06846153846153846,1162.9,84.48,2426.6169230769233
256,2,1186.91,4.094615384615384,0.016923076923076923,1186.91,85.52,2479.8469230769233
257,0,1641.86,4.050666666666666,0.15933333333333335,1641.86,118.35,3422.642
257,1,1706.54,3.0353846153846153,0.06692307692307693,1706.54,124.22,3552.610769230769
257,2,1741.44,3.4707692307692306,0.04615384615384615,1741.44,126.23,3626.5561538461543
258,0,1061.28,3.5646666666666667,0.0,1061.28,76.86,2217.243333333333
258,1,1174.07,3.103846153846154,0.04230769230769231,1174.07,85.4,2449.143846153846
258,2,1196.67,3.9376923076923074,0.0,1196.67,86.35,2499.3784615384616
259,0,1226.99,3.3033333333333332,0.08666666666666667,1226.99,89.08,2559.75
259,1,1316.41,2.983846153846154,0.14769230769230768,1316.41,95.87,2743.9046153846157
259,2,1335.4,3.486923076923077,0.07153846153846154,1335.4,96.78,2785.1576923076927
261,0,833.14,4.6226666666666665,0.0,833.14,59.72,1749.1133333333332
261,1,824.48,3.0761538461538462,0.0,824.48,59.99,1724.3307692307694
261,2,838.82,5.012307692307692,0.0,838.82,59.91,1762.6115384615387
262,0,4723.61,3.51,0.0,4723.61,342.26,9807.029999999999
262,1,4767.22,4.361538461538462,0.0,4767.22,342.6,9898.847692307692
262,2,4781.8,3.8784615384615386,0.0,4781.8,345.24,9928.232307692308
264,0,8408.09,4.655333333333333,0.035333333333333335,8408.09,602.56,17442.087333333333
264,1,8379.25,4.451538461538461,0.016153846153846154,8379.25,601.66,17382.449999999997
264,2,8339.45,3.9084615384615384,0.0,8339.45,601.93,17300.37230769231
265,0,731.0,1.77,0.13666666666666666,731.0,53.87,1524.9933333333333
265,1,913.07,1.7246153846153847,0.5146153846153847,913.07,67.32,1903.112307692308
265,2,935.02,2.4699999999999998,0.4984615384615385,935.02,68.44,1951.826923076923
266,0,792.01,4.299333333333333,0.0,792.01,56.95,1662.4666666666667
266,1,840.3,4.125384615384616,0.0,840.3,60.53,1761.756923076923
266,2,841.88,4.391538461538461,0.0,841.88,60.49,1766.2076923076925
267,0,57.22,1.5166666666666666,0.0,57.22,4.23,126.25333333333333
267,1,594.92,1.8292307692307692,0.0,594.92,43.82,1242.8061538461538
267,2,608.11,3.2884615384615383,0.0,608.11,44.16,1276.8223076923077
268,0,314.33,1.3013333333333332,0.0,314.33,23.27,658.4366666666666
268,1,650.88,1.669230769230769,0.5661538461538461,650.88,48.01,1359.2484615384615
268,2,674.38,4.183076923076923,0.0923076923076923,674.38,48.55,1418.4099999999999
269,0,442.57,3.3426666666666667,0.7826666666666667,442.57,32.12,935.5386666666666
269,1,705.17,1.7146153846153847,0.8084615384615385,705.17,52.0,1472.5299999999997
269,2,715.58,2.23,0.013076923076923078,715.58,52.5,1494.836153846154
270,0,143.24,1.12,0.0,143.24,10.62,302.70000000000005
270,1,594.36,1.7215384615384615,0.0,594.36,43.82,1241.1476923076925
270,2,608.52,3.394615384615385,0.0,608.52,44.14,1278.153076923077
271,0,852.78,2.226,1.0133333333333334,852.78,62.57,1781.2866666666666
271,1,1024.07,1.9223076923076925,0.013076923076923078,1024.07,75.36,2133.1376923076923
271,2,1055.7,3.1330769230769233,0.34153846153846157,1055.7,76.77,2204.5184615384615
272,0,207.81,3.006666666666667,0.3186666666666667,207.81,15.13,446.42066666666665
272,1,620.77,1.8015384615384613,0.15076923076923077,620.77,45.73,1296.579230769231
272,2,640.91,4.234615384615385,0.0923076923076923,640.91,46.12,1349.2976923076922
273,0,641.93,1.8986666666666667,0.31933333333333336,641.93,47.25,1341.242
273,1,732.61,1.8915384615384616,0.0,732.61,53.93,1528.6076923076923
273,2,737.17,2.1107692307692307,0.26,737.17,54.14,1539.553846153846
274,0,657.78,2.3153333333333332,0.9093333333333332,657.78,48.22,1377.1753333333334
274,1,858.98,1.7576923076923074,0.015384615384615385,858.98,63.31,1790.0892307692307
274,2,879.96,2.7992307692307694,0.25384615384615383,879.96,64.2,1838.6238461538464
275,0,892.28,1.88,0.07666666666666666,892.28,65.69,1859.8033333333333
275,1,1022.27,1.6400000000000001,0.2646153846153846,1022.27,75.43,2128.699230769231
275,2,1047.52,2.683846153846154,0.6146153846153847,1047.52,76.51,2186.1984615384617
276,0,746.49,4.459333333333333,0.0,746.49,53.6,1568.8766666666666
276,1,916.36,3.986923076923077,0.0,916.36,66.09,1918.7446153846154
276,2,932.45,4.636153846153847,0.0,932.45,66.84,1954.9207692307693
277,0,715.26,1.584,0.1673333333333333,715.26,52.81,1491.5846666666666
277,1,874.08,1.2884615384615385,1.2023076923076923,874.08,64.72,1821.7269230769232
277,2,892.4,2.0453846153846156,0.573076923076923,892.4,65.59,1861.7630769230768
278,0,300.21,1.6340000000000001,0.034666666666666665,300.21,22.15,630.8093333333334
278,1,653.71,1.7576923076923079,0.2,653.71,48.18,1364.7884615384614
278,2,674.93,3.9030769230769233,0.09076923076923077,674.93,48.72,1418.2769230769231
279,0,912.0,2.51,0.07466666666666667,912.0,66.72,1903.4193333333333
279,1,1064.01,1.8407692307692307,0.05,1064.01,78.36,2215.683846153846
279,2,1094.29,2.740769230769231,1.0584615384615383,1094.29,79.88,2284.2807692307692
280,0,314.65,1.4166666666666667,0.0,314.65,23.27,659.6533333333332
280,1,650.5,1.7692307692307692,0.5784615384615385,650.5,47.94,1358.943076923077
280,2,673.21,4.17076923076923,0.07846153846153846,673.21,48.47,1415.9007692307691
281,0,481.31,1.5719999999999998,0.5206666666666667,481.31,35.54,1007.0613333333333
281,1,715.12,1.9030769230769233,2.1276923076923078,715.12,52.63,1496.6407692307694
281,2,730.12,2.7899999999999996,0.10923076923076923,730.12,53.27,1527.6784615384615
283,0,662.53,3.606,0.0,662.53,47.96,1391.05
283,1,837.08,1.9753846153846153,0.0,837.08,61.56,1745.5969230769233
283,2,853.67,2.8776923076923073,0.0,853.67,62.23,1783.9584615384615
284,0,5088.32,4.086,0.0,5088.32,366.64,10563.71
284,1,5056.6,3.459230769230769,0.0,5056.6,366.56,10497.056153846155
284,2,5097.39,3.3376923076923077,0.0,5097.39,369.96,10581.428461538462
286,0,8612.2,3.6746666666666665,0.0,8612.2,623.02,17865.793333333335
286,1,8608.94,3.7776923076923077,0.0,8608.94,622.17,17858.938461538462
286,2,8590.79,3.531538461538462,0.012307692307692308,8590.79,622.33,17821.592307692306
287,0,160.63,1.7053333333333331,0.0,160.63,11.85,341.63666666666666
287,1,589.88,2.266153846153846,0.0,589.88,43.26,1234.3507692307692
287,2,595.49,2.4253846153846155,0.0,595.49,43.6,1246.706923076923
288,0,1444.04,3.7906666666666666,0.10066666666666667,1444.04,104.35,3011.5846666666666
288,1,1470.91,2.2446153846153845,0.07153846153846154,1470.91,107.9,3061.086153846154
288,2,1482.83,3.0107692307692306,0.1576923076923077,1482.83,107.96,3088.9892307692307
289,0,684.92,1.582,0.6133333333333334,684.92,50.57,1429.5466666666666
289,1,844.04,1.563076923076923,0.27076923076923076,844.04,62.33,1758.766923076923
289,2,859.6,2.17,1.3253846153846154,859.6,63.1,1795.8007692307692
290,0,401.62,1.432,1.214,401.62,29.7,842.528
290,1,667.07,1.343076923076923,0.11846153846153847,667.07,49.37,1390.4623076923078
290,2,675.78,1.4038461538461537,0.19230769230769232,675.78,49.98,1408.9438461538462
291,0,683.04,1.6046666666666667,0.15733333333333333,683.04,50.42,1424.8379999999997
291,1,738.5,1.3723076923076922,0.045384615384615384,738.5,54.64,1538.5923076923077
291,2,745.07,2.1884615384615382,0.09153846153846154,745.07,54.68,1555.9453846153847
292,0,696.03,1.5106666666666666,0.29266666666666663,696.03,51.43,1451.6286666666665
292,1,886.24,1.9907692307692306,0.1823076923076923,886.24,65.17,1847.9684615384615
292,2,896.78,1.5353846153846153,0.3215384615384615,896.78,66.24,1868.12
293,0,568.15,2.3986666666666663,0.0,568.15,41.61,1189.9033333333332
293,1,694.3,2.569230769230769,0.0,694.3,50.77,1452.2161538461537
293,2,698.3,2.4815384615384612,0.0,698.3,51.1,1460.107692307692
294,0,640.68,2.0140000000000002,0.8366666666666666,640.68,47.1,1340.2033333333334
294,1,777.54,1.6215384615384614,0.4984615384615384,777.54,57.39,1621.5746153846153
294,2,787.6,2.033846153846154,1.5776923076923075,787.6,57.89,1646.4146153846154
295,0,346.73,1.252,0.0,346.73,25.68,725.4000000000001
295,1,656.65,1.03,0.0,656.65,48.75,1367.1999999999998
295,2,667.01,1.5007692307692306,0.0,667.01,49.29,1390.813846153846
296,0,662.1,2.204,0.0,662.1,48.59,1383.81
296,1,659.68,1.8376923076923077,0.0,659.68,48.58,1377.1284615384616
296,2,662.9,2.2776923076923077,0.01076923076923077,662.9,48.61,1385.8200000000002
297,0,181.08,2.9153333333333333,0.0,181.08,13.2,389.93666666666667
297,1,603.63,2.3153846153846156,0.0,603.63,44.25,1263.086923076923
297,2,611.76,2.623076923076923,0.0,611.76,44.71,1281.3453846153848
298,0,1462.38,3.0953333333333335,0.0,1462.38,106.39,3046.626666666667
298,1,1530.66,2.5561538461538458,0.21769230769230768,1530.66,111.94,3186.4761538461544
298,2,1559.99,3.465384615384615,0.0,1559.99,113.08,3250.3869230769233
299,0,715.08,1.584,0.1673333333333333,715.08,52.79,1491.2046666666665
299,1,873.42,1.2884615384615385,1.2023076923076923,873.42,64.67,1820.356923076923
299,2,891.8,2.0453846153846156,0.573076923076923,891.8,65.54,1860.5130769230768
300,0,431.08,1.254,0.29600000000000004,431.08,31.93,900.952
300,1,670.0,1.4230769230769231,0.06461538461538462,670.0,49.54,1396.7846153846153
300,2,677.82,1.419230769230769,0.2253846153846154,677.82,50.12,1413.306923076923
301,0,361.59,2.4506666666666663,0.0,361.59,26.47,761.9033333333332
301,1,667.39,3.616153846153846,0.0,667.39,48.31,1401.170769230769
301,2,669.28,2.852307692307692,0.0,669.28,48.8,1401.6215384615384
302,0,401.15,1.5033333333333334,1.9200000000000002,401.15,29.64,843.2966666666666
302,1,668.3,1.3915384615384616,0.10846153846153846,668.3,49.43,1393.2046153846154
302,2,677.37,1.4961538461538462,0.06769230769230769,677.37,50.05,1412.4061538461538
303,0,237.09,1.3739999999999999,0.0,237.09,17.54,498.59000000000003
303,1,613.63,1.0038461538461538,0.0,613.63,45.56,1277.8392307692307
303,2,622.8,1.3953846153846154,0.0,622.8,46.07,1298.646923076923
305,0,1101.22,1.6913333333333334,0.37066666666666664,1101.22,81.22,2292.858
305,1,1233.65,1.59,0.32769230769230767,1233.65,91.08,2566.9853846153846
305,2,1263.7,1.9576923076923076,0.04615384615384616,1263.7,92.96,2630.2407692307693
306,0,5466.55,3.7333333333333334,0.0,5466.55,395.24,11347.006666666668
306,1,5420.81,3.081538461538462,0.0,5420.81,394.41,11251.437692307692
306,2,5507.98,3.546923076923077,0.03769230769230769,5507.98,398.95,11432.72
308,0,8972.48,4.118666666666667,0.0,8972.48,646.32,18611.873333333333
308,1,9029.32,4.895384615384615,0.0,9029.32,645.59,18728.706923076923
308,2,8996.87,4.530769230769231,0.007692307692307693,8996.87,645.52,18661.92923076923
309,0,431.42,1.9626666666666668,0.28200000000000003,431.42,31.73,904.9473333333334
309,1,705.86,1.5046153846153845,0.04,705.86,52.15,1471.4730769230769
309,2,719.66,2.0515384615384615,0.10230769230769231,719.66,52.89,1502.6723076923076
310,0,1007.44,3.6266666666666665,0.06066666666666666,1007.44,72.91,2106.0446666666667
310,1,1066.34,2.715384615384615,0.0,1066.34,77.86,2224.116923076923
310,2,1082.34,4.122307692307692,0.13846153846153844,1082.34,77.96,2263.5284615384617
311,0,262.22,2.594666666666667,0.0,262.22,19.17,556.5833333333335
311,1,631.76,1.5615384615384615,0.39692307692307693,631.76,46.65,1318.7715384615385
311,2,657.12,4.5661538461538465,0.3761538461538461,657.12,47.13,1384.9530769230769
312,0,55.09,1.3646666666666667,0.0,55.09,4.08,121.08333333333334
312,1,586.5,1.5923076923076922,1.5976923076923077,586.5,43.3,1227.456923076923
312,2,596.42,2.5069230769230773,3.8669230769230767,596.42,43.64,1256.7484615384615
313,0,352.14,2.5853333333333333,1.3546666666666667,352.14,25.74,745.656
313,1,597.47,1.6,2.143846153846154,597.47,44.1,1251.3276923076924
313,2,605.1,2.426153846153846,1.9107692307692308,605.1,44.31,1270.4623076923078
314,0,337.4,1.7133333333333334,0.13066666666666665,337.4,24.88,708.5079999999999
314,1,683.51,2.7353846153846155,0.23615384615384613,683.51,49.9,1431.0692307692307
314,2,693.48,3.0492307692307694,0.09846153846153845,693.48,50.47,1452.873076923077
315,0,595.32,2.0020000000000002,0.5266666666666667,595.32,43.77,1245.4733333333334
315,1,817.93,1.9053846153846155,0.7100000000000001,817.93,60.2,1707.006923076923
315,2,834.64,2.4630769230769234,0.33,834.64,61.09,1743.3453846153845
316,0,213.84,2.3553333333333333,0.06533333333333333,213.84,15.67,455.25733333333335
316,1,598.73,1.8707692307692307,0.6884615384615385,598.73,44.08,1252.2707692307692
316,2,615.35,3.8715384615384614,2.086923076923077,615.35,44.43,1298.6615384615384
317,0,473.61,1.6133333333333333,1.9433333333333336,473.61,34.96,994.1333333333333
317,1,588.32,2.05,1.2623076923076924,588.32,43.24,1232.6546153846155
317,2,588.77,1.863846153846154,0.9846153846153847,588.77,43.35,1232.1784615384615
318,0,475.99,1.6226666666666667,0.13866666666666666,475.99,35.13,995.5006666666667
318,1,692.4,1.5969230769230771,0.14692307692307693,692.4,51.11,1444.1884615384615
318,2,705.62,2.7023076923076923,0.4046153846153846,705.62,51.53,1477.0907692307692
319,0,602.01,1.9953333333333334,0.043333333333333335,602.01,44.27,1258.3533333333335
319,1,786.52,1.9930769230769232,0.21,786.52,57.84,1641.2653846153846
319,2,799.67,2.313076923076923,0.2876923076923077,799.67,58.62,1670.100769230769
320,0,1042.93,3.9560000000000004,0.01,1042.93,75.24,2180.9
320,1,1161.8,3.2399999999999998,0.057692307692307696,1161.8,84.4,2424.3153846153846
320,2,1185.93,4.094615384615384,0.011538461538461537,1185.93,85.45,2477.806153846154
321,0,300.1,1.6340000000000001,0.03666666666666667,300.1,22.15,630.5933333333334
321,1,653.77,1.7576923076923079,0.14307692307692307,653.77,48.19,1364.8046153846153
321,2,674.98,3.9030769230769233,0.18692307692307694,674.98,48.72,1418.5692307692307
322,0,431.34,1.3146666666666667,0.228,431.34,31.93,901.6393333333333
322,1,670.38,1.4230769230769231,0.02692307692307692,670.38,49.57,1397.499230769231
322,2,678.19,1.419230769230769,0.20846153846153845,678.19,50.15,1414.043076923077
323,0,612.59,2.6006666666666667,0.19933333333333333,612.59,44.78,1283.362
323,1,836.19,2.1161538461538463,0.03076923076923077,836.19,61.41,1744.4323076923079
323,2,853.74,2.4476923076923076,0.10230769230769231,853.74,62.5,1782.4230769230771
324,0,60.24,1.4673333333333334,0.0,60.24,4.45,132.26666666666668
324,1,586.95,1.6638461538461538,1.5684615384615386,586.95,43.3,1228.6561538461538
324,2,597.42,2.673076923076923,4.185384615384615,597.42,43.64,1260.2161538461537
325,0,221.11,1.5506666666666666,0.9966666666666667,221.11,16.33,468.2966666666667
325,1,592.62,1.6707692307692308,0.15615384615384617,592.62,43.72,1237.626153846154
325,2,602.4,2.506153846153846,4.936153846153847,602.4,44.08,1271.2830769230768
327,0,850.77,1.7913333333333334,0.034,850.77,62.68,1773.2446666666665
327,1,1019.68,2.0461538461538464,0.019230769230769232,1019.68,74.94,2124.5692307692307
327,2,1040.36,2.4823076923076925,0.0,1040.36,76.14,2169.2715384615385
328,0,5351.62,4.937333333333333,0.0,5351.62,382.49,11110.416666666666
328,1,5264.53,3.3453846153846154,0.0,5264.53,382.06,10927.846923076922
328,2,5317.87,3.3453846153846154,0.0,5317.87,385.93,11038.396923076923
330,0,8730.35,4.426666666666667,0.016666666666666666,8730.35,627.02,18109.886666666665
330,1,8692.93,4.109230769230769,0.03230769230769231,8692.93,626.24,18032.71076923077
330,2,8736.59,4.621538461538462,0.06538461538461539,8736.59,626.3,18122.71846153846
331,0,219.51,2.7813333333333334,0.0,219.51,16.02,468.94666666666666
331,1,627.56,3.8830769230769233,0.0,627.56,45.31,1319.8453846153843
331,2,628.28,2.996153846153846,0.0,628.28,45.75,1317.2907692307692
332,0,1490.01,3.348,0.034666666666666665,1490.01,108.13,3104.9593333333332
332,1,1560.17,3.3046153846153845,0.7930769230769231,1560.17,113.27,3251.7192307692308
332,2,1570.23,3.102307692307692,0.1523076923076923,1570.23,114.22,3270.496153846154
333,0,864.49,2.628,0.08333333333333333,864.49,63.18,1805.4666666666667
333,1,1028.01,2.378461538461538,0.02923076923076923,1028.01,75.31,2143.2807692307692
333,2,1053.57,2.968461538461539,0.26153846153846155,1053.57,76.74,2199.2453846153844
334,0,612.7,2.433333333333333,0.18266666666666667,612.7,44.86,1282.792
334,1,840.05,2.187692307692308,0.24384615384615385,840.05,61.65,1753.1761538461537
334,2,857.59,2.493846153846154,0.04615384615384615,857.59,62.75,1790.4915384615385
335,0,684.3,2.6986666666666665,0.008666666666666666,684.3,49.97,1432.0806666666667
335,1,847.95,2.736923076923077,0.07153846153846154,847.95,61.9,1771.6276923076925
335,2,858.69,2.7746153846153847,0.08615384615384616,858.69,62.66,1794.0853846153846
336,0,942.85,2.43,0.09666666666666666,942.85,69.04,1967.0833333333335
336,1,1098.68,2.227692307692308,0.28615384615384615,1098.68,80.61,2289.6807692307693
336,2,1124.08,2.48,1.166923076923077,1124.08,82.27,2345.163846153846
337,0,302.31,2.69,0.0,302.31,22.08,640.15
337,1,601.72,4.871538461538462,0.0,601.72,43.03,1270.8276923076924
337,2,605.04,4.781538461538462,0.0,605.04,43.31,1277.2976923076922
338,0,764.41,3.259333333333333,0.696,764.41,55.52,1602.0286666666666
338,1,933.54,2.1153846153846154,0.8838461538461538,933.54,68.57,1947.9946153846154
338,2,956.63,2.8753846153846156,0.42153846153846153,956.63,69.74,1998.2199999999998
339,0,708.0,2.0086666666666666,0.0,708.0,52.05,1478.0933333333332
339,1,883.27,2.3892307692307693,0.0,883.27,64.7,1843.186153846154
339,2,898.01,2.5246153846153847,0.0,898.01,65.69,1874.333076923077
340,0,537.24,3.0833333333333335,0.0,537.24,39.09,1128.9866666666667
340,1,698.54,2.7761538461538464,0.0,698.54,50.98,1461.940769230769
340,2,714.31,4.216923076923077,0.05384615384615385,714.31,51.41,1501.2223076923076
341,0,302.55,3.4733333333333336,0.0,302.55,21.93,644.3966666666668
341,1,623.04,6.389230769230769,0.0,623.04,43.92,1321.9461538461537
341,2,607.95,3.147692307692308,0.0,607.95,44.2,1275.8384615384616
342,0,1639.66,4.080666666666667,0.274,1639.66,118.15,3418.4213333333337
342,1,1703.22,3.0353846153846153,0.008461538461538461,1703.22,123.98,3545.613846153846
342,2,1738.44,3.4707692307692306,0.013076923076923078,1738.44,126.01,3620.2700000000004
343,0,910.55,2.51,0.082,910.55,66.62,1900.4339999999997
343,1,1062.92,1.8407692307692307,0.04307692307692308,1062.92,78.28,2213.41
343,2,1093.24,2.740769230769231,0.886923076923077,1093.24,79.81,2281.7676923076924
344,0,361.5,2.4506666666666663,0.0,361.5,26.46,761.7133333333334
344,1,668.36,3.616153846153846,0.0,668.36,48.38,1403.1807692307693
344,2,670.2,2.852307692307692,0.0,670.2,48.87,1403.5315384615385
345,0,611.84,2.6006666666666667,0.40066666666666667,611.84,44.73,1282.2146666666667
345,1,836.09,2.1161538461538463,0.10230769230769231,836.09,61.41,1744.3753846153845
345,2,853.63,2.4476923076923076,0.1,853.63,62.49,1782.1884615384615
346,0,614.0,2.2426666666666666,0.13666666666666666,614.0,45.04,1284.5266666666666
346,1,842.53,2.2653846153846153,0.21,842.53,61.79,1758.5969230769228
346,2,859.69,2.516923076923077,0.18999999999999997,859.69,62.89,1795.2346153846156
347,0,519.79,2.433333333333333,0.0,519.79,38.06,1089.8066666666664
347,1,774.96,2.3838461538461537,0.0,774.96,56.77,1618.6092307692309
347,2,790.75,2.8592307692307695,0.0,790.75,57.66,1653.456153846154
349,0,1415.64,2.267333333333333,0.08666666666666667,1415.64,103.82,2946.61
349,1,1510.83,1.9123076923076923,0.0,1510.83,111.19,3142.4115384615384
349,2,1553.06,2.516923076923077,0.05615384615384616,1553.06,113.62,3232.4369230769225
350,0,5804.0,3.4926666666666666,0.0,5804.0,420.61,12046.073333333334
350,1,5799.88,3.7446153846153845,0.0,5799.88,419.29,12037.773076923077
350,2,5882.98,3.98,0.0,5882.98,424.33,12210.189999999999
352,0,8852.61,5.610666666666666,0.014666666666666666,8852.61,628.67,18361.97266666667
352,1,8863.46,5.834615384615384,0.0,8863.46,628.11,18384.203076923077
352,2,8933.81,6.71,0.0,8933.81,627.9,18529.07
353,0,423.34,1.7973333333333334,0.6506666666666666,423.34,31.19,888.1579999999999
353,1,709.95,1.6084615384615384,1.0869230769230769,709.95,52.4,1482.5161538461539
353,2,723.42,2.059230769230769,0.18076923076923077,723.42,53.16,1510.6576923076923
354,0,1053.63,3.6966666666666668,0.007333333333333333,1053.63,76.21,2201.9680000000003
354,1,1099.22,2.5576923076923075,0.0,1099.22,80.39,2291.618461538462
354,2,1120.21,4.516153846153847,0.06538461538461539,1120.21,80.39,2343.5215384615385
355,0,284.45,1.904,0.0,284.45,20.94,599.3599999999999
355,1,630.74,1.8684615384615384,0.33999999999999997,630.74,46.44,1317.9423076923076
355,2,653.86,4.547692307692308,0.14461538461538462,653.86,46.91,1377.6576923076923
356,0,5.49,2.2953333333333332,0.0,5.49,0.4,22.85666666666667
356,1,586.53,1.6992307692307693,2.2115384615384617,586.53,43.25,1229.2292307692308
356,2,595.85,2.496923076923077,3.623076923076923,595.85,43.6,1255.0307692307692
357,0,411.64,2.2626666666666666,0.8580000000000001,411.64,30.19,866.4993333333333
357,1,601.92,1.5892307692307692,1.4823076923076923,601.92,44.44,1259.190769230769
357,2,610.26,2.617692307692308,1.0038461538461538,610.26,44.6,1280.2161538461537
358,0,326.3,1.8886666666666665,0.2806666666666667,326.3,24.02,686.6246666666666
358,1,672.95,2.124615384615385,0.28692307692307695,672.95,49.42,1406.5169230769231
358,2,681.58,2.230769230769231,0.025384615384615387,681.58,50.0,1424.3646153846155
359,0,629.83,2.3106666666666666,2.016,629.83,46.17,1321.4153333333334
359,1,835.3,2.0530769230769232,0.023846153846153847,835.3,61.39,1742.3030769230768
359,2,849.48,2.286153846153846,0.10153846153846155,849.48,62.29,1772.8838461538462
360,0,263.48,1.9966666666666666,0.09466666666666666,263.48,19.37,556.5026666666668
360,1,598.09,2.063846153846154,1.2061538461538461,598.09,43.95,1252.8615384615387
360,2,615.88,4.319230769230769,2.1415384615384614,615.88,44.28,1301.9192307692306
361,0,414.8,1.7073333333333334,1.776,414.8,30.59,872.2786666666667
361,1,588.22,2.2984615384615386,0.7292307692307692,588.22,43.13,1232.5207692307692
361,2,587.83,1.813076923076923,0.8461538461538461,587.83,43.3,1229.7176923076922
362,0,528.35,1.6380000000000001,0.31333333333333335,528.35,38.99,1104.5066666666667
362,1,711.8,1.723076923076923,0.12846153846153846,711.8,52.48,1484.9523076923076
362,2,723.95,2.6353846153846154,0.41615384615384615,723.95,52.9,1514.809230769231
363,0,577.14,2.0506666666666664,0.060000000000000005,577.14,42.42,1207.0733333333333
363,1,779.66,1.8876923076923076,0.24153846153846154,779.66,57.39,1626.6315384615384
363,2,794.26,2.2784615384615385,0.5846153846153845,794.26,58.24,1659.3215384615385
364,0,1060.89,3.5646666666666667,0.0,1060.89,76.83,2216.4333333333334
364,1,1173.4,3.1384615384615384,0.04461538461538461,1173.4,85.33,2447.911538461539
364,2,1195.73,3.9376923076923074,0.022307692307692306,1195.73,86.28,2497.473076923077
365,0,314.6,1.4166666666666667,0.0,314.6,23.27,659.5533333333333
365,1,650.6,1.7976923076923077,0.2723076923076923,650.6,47.93,1358.663076923077
365,2,673.12,4.17076923076923,0.17923076923076925,673.12,48.46,1415.9123076923076
366,0,401.18,1.5033333333333334,0.10333333333333332,401.18,29.64,839.7233333333334
366,1,668.54,1.3915384615384616,0.46384615384615385,668.54,49.45,1394.4153846153845
366,2,677.61,1.4961538461538462,0.36538461538461536,677.61,50.07,1413.5015384615385
367,0,60.23,1.4673333333333334,0.0,60.23,4.45,132.24666666666667
367,1,586.8,1.6638461538461538,2.1446153846153844,586.8,43.29,1229.4984615384615
367,2,597.27,2.673076923076923,2.839230769230769,597.27,43.63,1257.2138461538461
368,0,615.89,2.412,0.112,615.89,45.1,1289.164
368,1,842.56,2.2653846153846153,0.18384615384615385,842.56,61.79,1758.6046153846153
368,2,859.75,2.516923076923077,0.20153846153846156,859.75,62.9,1795.3876923076923
369,0,176.05,1.9146666666666665,3.4873333333333334,176.05,12.96,381.60800000000006
369,1,592.99,1.5769230769230769,0.14153846153846153,592.99,43.78,1237.9276923076923
369,2,601.91,2.2153846153846155,1.7323076923076923,601.91,44.17,1262.5315384615383
371,0,823.91,2.1326666666666667,0.05,823.91,60.5,1719.0833333333333
371,1,997.87,1.8900000000000001,0.0,997.87,73.45,2078.64
371,2,1020.22,2.5,0.0,1020.22,74.65,2127.59
372,0,5283.73,4.270666666666667,0.0,5283.73,380.05,10968.863333333333
372,1,5212.56,2.973076923076923,0.0,5212.56,379.65,10819.635384615385
372,2,5312.09,3.8815384615384616,0.0,5312.09,383.52,11027.107692307694
374,0,8806.53,4.598,0.07666666666666666,8806.53,631.46,18267.663333333338
374,1,8783.2,4.453076923076923,0.03230769230769231,8783.2,630.66,18219.39
374,2,8796.71,4.602307692307692,0.11846153846153847,8796.71,630.73,18247.39846153846
375,0,306.0,1.8159999999999998,0.0,306.0,22.54,643.62
375,1,651.6,1.2553846153846153,0.0,651.6,48.26,1357.7369230769232
375,2,665.2,2.1384615384615384,0.0,665.2,48.85,1389.9423076923078
376,0,1225.18,3.1213333333333333,0.12466666666666666,1225.18,89.11,2555.326
376,1,1265.62,2.512307692307693,0.1469230769230769,1265.62,92.59,2636.6853846153845
376,2,1280.97,3.8369230769230773,0.11538461538461539,1280.97,92.52,2673.875384615385
377,0,457.43,1.958,2.3960000000000004,457.43,33.65,963.092
377,1,691.43,2.420769230769231,1.4200000000000002,691.43,50.63,1448.433846153846
377,2,707.88,3.7,0.3946153846153846,707.88,51.2,1486.249230769231
378,0,178.16,1.8373333333333335,2.244666666666667,178.16,13.12,383.116
378,1,592.42,1.583846153846154,0.12615384615384617,592.42,43.74,1236.7515384615385
378,2,601.02,2.173076923076923,1.6507692307692308,601.02,44.12,1260.326923076923
379,0,539.03,1.4,0.232,539.03,39.87,1125.394
379,1,589.3,1.7284615384615383,0.19307692307692306,589.3,43.45,1231.0784615384614
379,2,597.91,3.069230769230769,0.6823076923076924,597.91,43.51,1256.040769230769
380,0,460.33,1.7473333333333334,0.578,460.33,33.93,964.4826666666667
380,1,732.0,2.2215384615384615,0.5492307692307692,732.0,53.71,1529.916153846154
380,2,740.8,2.0153846153846153,0.2276923076923077,740.8,54.46,1546.5923076923077
381,0,616.61,2.098,0.0,616.61,45.3,1289.01
381,1,793.28,1.9830769230769232,0.0,793.28,58.34,1654.8153846153846
381,2,802.31,1.94,0.015384615384615385,802.31,59.03,1673.3807692307691
382,0,434.9,1.9673333333333334,0.29733333333333334,434.9,31.99,912.2213333333333
382,1,634.8,2.183076923076923,0.7784615384615384,634.8,46.59,1328.6623076923076
382,2,644.87,2.98,3.2115384615384617,644.87,46.97,1358.0330769230768
383,0,287.58,1.5726666666666667,0.0,287.58,21.23,604.2533333333333
383,1,593.73,1.713076923076923,0.0,593.73,43.78,1239.8053846153846
383,2,596.43,1.5415384615384615,1.8492307692307692,596.43,44.05,1248.3161538461536
384,0,598.61,1.716,0.0,598.61,44.14,1249.94
384,1,697.06,2.0553846153846154,0.0,697.06,51.23,1455.626923076923
384,2,698.31,1.6630769230769231,0.03538461538461539,698.31,51.52,1456.5261538461536
385,0,417.63,2.009333333333333,0.0,417.63,30.71,876.0166666666667
385,1,696.5,1.9438461538461538,0.0,696.5,51.24,1453.9592307692308
385,2,710.51,2.4884615384615385,0.0,710.51,51.99,1485.4523076923078
386,0,1227.46,3.372666666666667,0.0,1227.46,89.06,2560.8433333333332
386,1,1315.75,3.023846153846154,0.2246153846153846,1315.75,95.78,2742.8484615384614
386,2,1335.4,3.566923076923077,0.03923076923076923,1335.4,96.71,2785.423076923077
387,0,480.56,1.4226666666666667,0.3313333333333333,480.56,35.54,1004.4360000000001
387,1,715.3,1.9823076923076923,1.8492307692307692,715.3,52.6,1496.81
387,2,729.73,2.786153846153846,0.14384615384615385,729.73,53.25,1526.9284615384615
388,0,237.22,1.4080000000000001,0.0,237.22,17.54,499.02
388,1,614.3,1.1223076923076922,0.0,614.3,45.56,1279.7715384615383
388,2,623.0,1.4346153846153844,0.0,623.0,46.06,1299.2330769230769
389,0,221.11,1.5573333333333332,0.3126666666666667,221.11,16.33,466.962
389,1,592.52,1.71,0.7230769230769231,592.52,43.69,1238.726153846154
389,2,602.3,2.5453846153846156,3.0707692307692307,602.3,44.05,1267.5184615384615
390,0,520.64,2.4673333333333334,0.0,520.64,38.11,1091.7266666666667
390,1,774.77,2.423076923076923,0.0,774.77,56.73,1618.3853846153847
390,2,790.63,2.8984615384615386,0.0,790.63,57.63,1653.3823076923077
391,0,176.06,1.9186666666666667,3.630666666666667,176.06,12.96,381.93466666666666
391,1,592.81,1.5769230769230769,0.1346153846153846,592.81,43.77,1237.543846153846
391,2,601.74,2.2153846153846155,1.7161538461538464,601.74,44.15,1262.1392307692308
393,0,896.37,2.006666666666667,0.06466666666666666,896.37,65.91,1868.8126666666667
393,1,1061.18,1.7792307692307692,0.6607692307692308,1061.18,78.2,2210.7776923076926
393,2,1091.48,2.7830769230769232,0.050769230769230775,1091.48,79.64,2276.6169230769233
394,0,5343.57,4.574666666666667,0.0,5343.57,383.24,11093.253333333332
394,1,5280.69,3.4823076923076925,0.0,5280.69,382.72,10961.511538461538
394,2,5366.43,4.05,0.0,5366.43,386.82,11139.93
396,0,8934.65,4.591333333333334,0.09533333333333333,8934.65,640.68,18533.127333333334
396,1,8904.91,4.371538461538462,0.10923076923076923,8904.91,639.89,18471.78615384615
396,2,8905.61,4.375384615384615,0.1453846153846154,8905.61,639.92,18473.307692307695
417,0,4470.06,7.708666666666667,0.156,4470.06,311.26,9290.235333333334
417,1,4413.25,6.430000000000001,0.15153846153846154,4413.25,311.0,9169.953076923077
417,2,4388.68,5.946923076923077,0.11076923076923076,4388.68,310.68,9117.996153846154
418,0,8714.98,4.025333333333333,0.096,8714.98,628.33,18078.608666666667
418,1,8684.02,4.190769230769231,0.2876923076923077,8684.02,625.1,18014.669230769232
418,2,8893.42,5.22,0.11076923076923076,8893.42,633.92,18447.08153846154
419,0,1202.11,1.8840000000000001,0.12066666666666667,1202.11,88.49,2502.3713333333335
419,1,1321.92,1.7238461538461538,0.0,1321.92,97.46,2749.919230769231
419,2,1353.86,2.036923076923077,0.00923076923076923,1353.86,99.51,2817.4330769230764
420,0,1181.38,3.884,0.0,1181.38,85.29,2467.4700000000003
420,1,1186.23,3.560769230769231,0.0,1186.23,85.91,2476.173846153846
420,2,1203.3,4.495384615384615,0.0,1203.3,86.37,2515.446923076923
421,0,717.92,3.378,0.0,717.92,52.08,1504.81
421,1,880.24,2.0446153846153843,0.0,880.24,64.7,1835.4030769230772
421,2,898.99,2.9984615384615383,0.0,898.99,65.46,1878.4323076923079
422,0,829.18,2.064,0.0,829.18,60.93,1729.61
422,1,1001.36,1.8692307692307693,0.0,1001.36,73.72,2085.786153846154
422,2,1023.38,2.419230769230769,0.0,1023.38,74.94,2133.7961538461536
423,0,1103.08,3.2766666666666664,0.168,1103.08,80.11,2302.989333333333
423,1,1192.01,1.833846153846154,0.9853846153846154,1192.01,87.79,2482.95
423,2,1217.08,2.4707692307692306,0.39615384615384613,1217.08,89.08,2536.386153846154
424,0,533.94,2.0573333333333332,0.0,533.94,39.24,1117.4066666666668
424,1,774.07,2.2607692307692306,0.0,774.07,56.77,1616.2138461538461
424,2,789.37,3.123076923076923,0.0,789.37,57.41,1651.7653846153846
425,0,1449.92,1.906,0.04533333333333334,1449.92,106.71,3016.170666666667
425,1,1540.49,1.9507692307692308,0.2684615384615385,1540.49,113.33,3204.6007692307694
425,2,1594.81,3.483076923076923,0.7269230769230769,1594.81,115.59,3324.079230769231
426,0,863.72,3.005333333333333,0.114,863.72,62.89,1805.5846666666666
426,1,996.23,1.8392307692307692,0.05,996.23,73.37,2075.126153846154
426,2,1019.99,2.886153846153846,0.13,1019.99,74.35,2129.0207692307695
427,0,817.33,1.8313333333333333,0.0,817.33,60.2,1704.0166666666669
427,1,990.62,1.94,0.8307692307692307,990.62,72.88,2065.4815384615385
427,2,1006.62,1.77,0.04076923076923077,1006.62,74.18,2096.3515384615384
428,0,1301.29,2.2306666666666666,0.3026666666666667,1301.29,95.47,2709.808666666667
428,1,1390.39,2.0046153846153847,0.17230769230769233,1390.39,102.23,2893.377692307692
428,2,1424.8,2.7930769230769235,0.22692307692307695,1424.8,103.96,2967.9792307692305
429,0,1273.51,1.6186666666666665,0.2693333333333333,1273.51,93.99,2649.642
429,1,1386.71,1.7176923076923079,0.6223076923076923,1386.71,102.25,2885.503076923077
429,2,1419.62,1.9123076923076923,0.016153846153846154,1419.62,104.47,2953.3038461538463
430,0,832.94,4.688000000000001,0.0,832.94,59.67,1748.9900000000002
430,1,823.49,3.116923076923077,0.0,823.49,59.89,1722.4546153846154
430,2,837.78,5.053076923076923,0.0,837.78,59.81,1760.6353846153845
431,0,662.87,3.56,0.0,662.87,48.01,1391.55
431,1,836.08,1.9030769230769229,0.0,836.08,61.54,1743.2153846153847
431,2,853.42,2.8776923076923073,0.0,853.42,62.22,1783.4484615384615
432,0,1103.14,1.5906666666666667,0.19866666666666663,1103.14,81.44,2296.070666666667
432,1,1240.95,1.9853846153846153,0.0,1240.95,91.26,2583.086923076923
432,2,1266.29,1.9576923076923076,0.07153846153846154,1266.29,93.15,2635.6615384615384
433,0,853.58,1.9106666666666667,0.006666666666666667,853.58,62.82,1779.5466666666666
433,1,1020.76,2.086153846153846,0.007692307692307693,1020.76,74.99,2126.956153846154
433,2,1041.28,2.4823076923076925,0.007692307692307693,1041.28,76.2,2171.186923076923
434,0,1419.86,2.191333333333333,0.06066666666666666,1419.86,104.21,2955.008
434,1,1515.29,1.9123076923076923,0.0,1515.29,111.51,3151.6515384615386
434,2,1557.92,2.516923076923077,1.416153846153846,1557.92,113.98,3245.236923076923
435,0,825.69,2.1326666666666667,0.0,825.69,60.63,1722.6733333333334
435,1,998.57,1.8900000000000001,0.0,998.57,73.5,2080.09
435,2,1021.47,2.534615384615385,0.0,1021.47,74.72,2130.333076923077
436,0,898.51,2.006666666666667,0.10800000000000001,898.51,66.06,1873.3293333333331
436,1,1062.49,1.7792307692307692,0.5030769230769231,1062.49,78.29,2213.1723076923076
436,2,1092.95,2.7830769230769232,0.08769230769230768,1092.95,79.75,2279.7407692307697
438,0,4442.04,3.955333333333334,0.0,4442.04,320.48,9224.336666666666
438,1,4443.35,3.7199999999999998,0.0,4443.35,321.3,9226.600000000002
438,2,4490.32,3.960769230769231,0.0,4490.32,323.94,9324.383846153845
440,0,9135.51,3.9886666666666666,0.0,9135.51,658.88,18949.84333333333
440,1,9207.5,4.981538461538461,0.016153846153846154,9207.5,657.79,19097.73
440,2,9150.95,4.273076923076923,0.0,9150.95,658.2,18981.46538461539
441,0,5757.06,4.151333333333333,0.158,5757.06,414.57,11949.762666666667
441,1,5717.61,3.4238461538461538,0.3738461538461539,5717.61,414.62,11867.706923076923
441,2,5855.36,4.476923076923077,0.04307692307692308,5855.36,420.33,12153.520769230769
442,0,5297.22,3.258666666666667,0.0,5297.22,384.75,10995.483333333334
442,1,5329.09,3.7115384615384617,0.0,5329.09,385.38,11062.117692307693
442,2,5385.6,3.713846153846154,0.0,5385.6,389.46,11179.229230769231
443,0,5291.2,4.617999999999999,0.0,5291.2,379.32,10984.81
443,1,5250.5,3.6169230769230767,0.0,5250.5,380.04,10899.124615384615
443,2,5303.48,3.451538461538462,0.0,5303.48,384.49,11008.707692307691
444,0,5413.67,4.324,0.0,5413.67,389.2,11238.16
444,1,5349.11,2.94,0.0,5349.11,389.73,11102.65
444,2,5463.86,3.8546153846153848,0.0,5463.86,394.58,11341.573076923076
445,0,5689.68,4.688666666666666,0.058,5689.68,407.61,11810.529333333334
445,1,5691.87,4.6499999999999995,0.06692307692307692,5691.87,407.92,11815.043846153847
445,2,5679.32,3.1469230769230765,0.06692307692307692,5679.32,412.95,11787.458461538461
446,0,5112.41,4.440666666666667,0.0,5112.41,367.13,10614.153333333332
446,1,5089.56,3.7207692307692306,0.0,5089.56,368.02,10565.743846153848
446,2,5185.0,4.462307692307692,0.0,5185.0,372.26,10764.57153846154
447,0,6055.53,4.078,0.0,6055.53,436.37,12567.82
447,1,6042.47,3.9007692307692308,0.0,6042.47,436.17,12540.613846153847
447,2,6130.61,3.983076923076923,0.0,6130.61,442.18,12723.315384615384
448,0,5464.44,4.949333333333334,0.04466666666666667,5464.44,390.51,11344.225999999999
448,1,5443.96,4.408461538461538,0.05153846153846154,5443.96,391.06,11301.125384615385
448,2,5476.71,3.790769230769231,0.05153846153846154,5476.71,395.75,11368.226923076923
449,0,5218.84,3.4386666666666668,0.0,5218.84,378.4,10833.273333333334
449,1,5235.63,3.6061538461538456,0.0,5235.63,379.0,10868.290769230769
449,2,5337.54,4.283076923076923,0.014615384615384615,5337.54,383.87,11080.394615384615
450,0,5934.96,4.878,0.0,5934.96,424.42,12318.73
450,1,5861.12,3.5623076923076926,0.047692307692307694,5861.12,424.46,12164.606923076923
450,2,5973.18,4.193846153846154,0.008461538461538461,5973.18,429.96,12397.306153846155
451,0,5730.66,3.5453333333333332,0.0,5730.66,415.08,11894.126666666667
451,1,5733.12,3.5969230769230767,0.0,5733.12,415.05,11899.274615384616
451,2,5837.86,4.009230769230769,0.0,5837.86,420.96,12116.726153846153
452,0,4831.52,3.614,0.0,4831.52,349.72,10030.830000000002
452,1,4887.31,4.481538461538461,0.0,4887.31,350.83,10147.857692307694
452,2,4909.71,3.9192307692307695,0.0,4909.71,354.34,10193.356153846154
453,0,5207.74,4.1546666666666665,0.0,5207.74,375.0,10811.253333333334
453,1,5187.76,3.5384615384615383,0.0,5187.76,375.79,10769.002307692308
453,2,5245.68,3.4961538461538457,0.0,5245.68,380.14,10888.98076923077
454,0,5602.78,3.8706666666666663,0.06666666666666667,5602.78,404.55,11629.596666666666
454,1,5567.06,3.1607692307692306,0.0,5567.06,404.74,11554.663846153846
454,2,5668.47,3.626153846153846,0.05,5668.47,410.26,11765.43076923077
455,0,5478.04,4.971333333333333,0.006666666666666667,5478.04,391.4,11372.349999999999
455,1,5404.27,3.424615384615385,0.007692307692307693,5404.27,391.9,11217.578461538462
455,2,5475.65,3.503846153846154,0.007692307692307693,5475.65,396.77,11365.604615384615
456,0,5949.26,3.5406666666666666,0.0,5949.26,430.94,12347.163333333334
456,1,5958.07,3.7446153846153845,0.0,5958.07,430.73,12365.593076923076
456,2,6050.01,3.861538461538461,0.0,6050.01,436.88,12556.207692307693
457,0,5408.1,4.3053333333333335,0.0,5408.1,388.87,11226.596666666668
457,1,5346.66,2.9792307692307696,0.0,5346.66,389.4,11097.616153846153
457,2,5469.01,4.04,0.0,5469.01,394.25,11352.470000000001
458,0,5464.28,4.509333333333333,0.0,5464.28,392.14,11343.246666666666
458,1,5416.67,3.4823076923076925,0.0,5416.67,392.58,11243.331538461538
458,2,5516.58,4.05,0.0,5516.58,397.64,11451.05
460,0,4533.3,3.9080000000000004,0.0,4533.3,327.21,9413.35
460,1,4544.8,3.686153846153846,0.0,4544.8,328.74,9436.77076923077
460,2,4602.48,3.9269230769230767,0.0,4602.48,332.14,9556.734615384616
462,0,12059.13,3.3699999999999997,0.0,12059.13,874.95,25010.059999999998
462,1,12087.32,3.776923076923077,0.0,12087.32,873.56,25067.084615384614
462,2,12093.72,3.5592307692307696,0.0,12093.72,875.86,25081.096153846152
481,0,4468.05,7.6786666666666665,0.18866666666666668,4468.05,311.21,9286.080666666667
481,1,4411.55,6.430000000000001,0.15153846153846154,4411.55,310.88,9166.433076923076
481,2,4387.0,5.946923076923077,0.11076923076923076,4387.0,310.56,9114.516153846154
484,0,4645.04,2.1333333333333333,0.02933333333333333,4645.04,341.1,9641.905333333334
484,1,4592.82,2.3861538461538463,0.0,4592.82,336.43,9534.00076923077
484,2,4756.04,1.7207692307692308,0.022307692307692306,4756.04,350.67,9871.398461538462
485,0,9001.27,4.828,0.0,9001.27,644.0,18670.68
485,1,9043.13,5.1899999999999995,0.0,9043.13,644.77,18756.98
485,2,8998.07,4.677692307692308,0.05230769230769231,8998.07,644.7,18664.333076923074
486,0,8099.18,4.398666666666667,0.0,8099.18,581.84,16802.193333333336
486,1,8134.18,4.732307692307692,0.01,8134.18,582.5,16874.54153846154
486,2,8072.59,3.9353846153846157,0.0,8072.59,582.52,16747.376923076925
487,0,8727.04,3.966,0.0,8727.04,629.56,18103.47
487,1,8746.88,4.085384615384616,0.0,8746.88,630.27,18144.45692307692
487,2,8715.61,3.703076923076923,0.0,8715.61,630.33,18080.065384615387
488,0,8909.84,4.434,0.008666666666666666,8909.84,639.87,18481.737333333334
488,1,8920.71,4.441538461538462,0.0,8920.71,640.6,18504.227692307693
488,2,8929.0,4.533846153846154,0.12461538461538463,8929.0,640.63,18521.54846153846
489,0,8514.1,4.794,0.162,8514.1,609.35,17661.844
489,1,8589.69,5.607692307692308,0.14846153846153845,8589.69,610.02,17817.735384615386
489,2,8505.87,4.576153846153846,0.11615384615384615,8505.87,610.02,17644.87307692308
490,0,8876.5,3.6093333333333333,0.0,8876.5,642.55,18413.596666666665
490,1,8930.73,4.124615384615384,0.0,8930.73,643.27,18525.35307692308
490,2,8896.68,3.7130769230769234,0.04230769230769231,8896.68,643.36,18455.370000000003
491,0,8602.54,4.975333333333333,0.006666666666666667,8602.54,614.61,17844.58
491,1,8708.03,6.141538461538461,0.0,8708.03,615.31,18062.077692307692
491,2,8662.24,5.6,0.0,8662.24,615.22,17967.699999999997
492,0,8658.18,4.259333333333333,0.04466666666666667,8658.18,622.83,17960.576
492,1,8680.85,4.415384615384616,0.062307692307692314,8680.85,623.53,18007.43153846154
492,2,8672.1,4.303846153846154,0.23384615384615384,8672.1,623.57,17989.756923076922
493,0,9331.72,4.268666666666666,0.42733333333333334,9331.72,671.23,19356.868
493,1,9387.79,4.77,1.5284615384615385,9387.79,672.03,19474.516923076924
493,2,9351.43,4.357692307692307,0.03230769230769231,9351.43,672.07,19396.78307692308
494,0,8451.96,4.678,0.02266666666666667,8451.96,605.57,17532.925333333333
494,1,8524.51,5.46,0.0,8524.51,606.24,17682.559999999998
494,2,8476.12,4.867692307692308,0.0,8476.12,606.2,17582.778461538466
495,0,9276.58,5.715333333333334,0.012,9276.58,658.13,19239.890666666666
495,1,9308.67,5.949999999999999,0.21615384615384617,9308.67,658.94,19306.46230769231
495,2,9242.38,5.212307692307693,0.0,9242.38,658.84,19169.661538461536
496,0,8529.81,4.655333333333333,0.05266666666666667,8529.81,611.28,17694.282
496,1,8523.01,4.451538461538461,0.02076923076923077,8523.01,611.98,17680.299230769233
496,2,8479.6,3.9084615384615384,0.0,8479.6,612.05,17590.792307692307
497,0,8734.3,3.6746666666666665,0.0,8734.3,631.85,18118.823333333334
497,1,8752.81,3.7776923076923077,0.0,8752.81,632.56,18157.06846153846
497,2,8733.04,3.531538461538462,0.019230769230769232,8733.04,632.64,18116.416153846156
498,0,9095.29,4.118666666666667,0.0,9095.29,655.16,18866.333333333336
498,1,9174.2,4.895384615384615,0.0,9174.2,655.95,19028.826923076926
498,2,9141.6,4.530769230769231,0.0,9141.6,655.9,18961.753846153846
499,0,8850.91,4.426666666666667,0.015333333333333334,8850.91,635.68,18359.664
499,1,8840.8,4.188461538461539,0.07692307692307693,8840.8,636.4,18339.096153846152
499,2,8877.92,4.621538461538462,0.03307692307692308,8877.92,636.43,18415.443846153845
500,0,8957.66,5.542,0.0,8957.66,636.55,18579.579999999998
500,1,8986.54,5.755384615384615,0.0,8986.54,637.31,18639.166923076926
500,2,9059.09,6.630769230769231,0.0,9059.09,637.18,18788.513846153844
501,0,8914.88,4.430000000000001,0.05,8914.88,640.25,18492.26
501,1,8923.01,4.405384615384615,0.0,8923.01,640.99,18509.03692307692
501,2,8936.9,4.563076923076923,0.3523076923076923,8936.9,641.02,18538.34
502,0,9059.44,4.591333333333334,0.066,9059.44,649.63,18791.598666666665
502,1,9050.99,4.371538461538462,0.06846153846153846,9050.99,650.39,18774.364615384613
502,2,9072.0,4.612307692307692,0.015384615384615385,9072.0,650.4,18817.492307692308
503,0,8584.01,4.025333333333333,0.096,8584.01,618.89,17807.228666666666
503,1,8543.78,4.352307692307692,0.5561538461538462,8543.78,614.06,17724.493846153848
503,2,8731.48,5.22,0.11076923076923076,8731.48,622.37,18111.65153846154
504,0,9273.19,3.9593333333333334,0.0,9273.19,669.0,19235.176666666666
504,1,9371.78,4.947692307692307,0.016153846153846154,9371.78,669.75,19438.08076923077
504,2,9311.2,4.239230769230769,0.0,9311.2,669.94,19313.53615384616
505,0,12080.94,3.3699999999999997,0.0,12080.94,876.53,25055.260000000002
505,1,12124.88,3.776923076923077,0.0,12124.88,876.27,25144.914615384616
505,2,12107.43,3.5592307692307696,0.0,12107.43,876.85,25109.506153846152
506,0,4444.69,2.1333333333333333,0.02933333333333333,4444.69,326.39,9226.495333333332
506,1,4323.8,2.3861538461538463,0.0,4323.8,316.73,8976.26076923077
506,2,4533.45,1.7207692307692308,0.022307692307692306,4533.45,334.26,9409.808461538461
